order_item_id,customer_id,location_id,product_id,payment_id,date_id,quantity,amount,profit
1,1,1,1,1,1,5,9726.0,1275.0
2,1,1,2,1,1,14,4975.0,1330.0
3,139,1,1,1,134,12,6962.0,3429.0
4,261,1,1,1,249,15,3953.0,1776.0
5,261,1,4,5,249,11,5564.0,175.0
6,283,1,1,1,265,20,3409.0,1605.0
7,283,1,9,4,265,5,7564.0,3463.0
8,2,2,1,1,2,5,9726.0,1275.0
9,2,2,2,1,2,14,4975.0,1330.0
10,29,10,2,1,2,5,9683.0,1014.0
11,29,10,5,3,2,6,3090.0,573.0
12,129,6,5,4,2,6,2759.0,1149.0
13,259,2,1,1,247,15,3953.0,1776.0
14,259,2,4,5,247,11,5564.0,175.0
15,3,3,1,1,3,5,9726.0,1275.0
16,3,3,2,1,3,14,4975.0,1330.0
17,331,10,4,4,3,3,4688.0,1841.0
18,246,3,1,1,214,9,1689.0,109.0
19,221,5,3,4,214,15,3522.0,898.0
20,246,3,10,4,214,12,8438.0,3427.0
21,246,3,9,5,214,14,3936.0,1626.0
22,376,3,1,1,347,17,4628.0,1491.0
23,376,3,6,3,347,9,6109.0,3040.0
24,702,3,1,1,585,2,2684.0,713.0
25,264,4,1,1,119,17,7856.0,3699.0
26,121,1,2,1,119,17,7759.0,3741.0
27,121,1,7,2,119,16,7521.0,3457.0
28,264,4,3,3,119,3,1165.0,51.0
29,597,6,1,1,510,3,4307.0,615.0
30,597,6,6,3,510,5,5694.0,1134.0
31,701,6,1,1,209,2,2684.0,713.0
32,216,3,7,1,209,12,1290.0,204.0
33,774,6,1,3,209,18,6499.0,2189.0
34,598,7,1,1,449,3,4307.0,615.0
35,598,7,6,3,449,5,5694.0,1134.0
36,508,2,6,5,449,2,5014.0,2332.0
37,212,8,1,1,205,11,8568.0,2419.0
38,212,8,3,3,205,6,3283.0,71.0
39,447,15,8,5,205,19,2663.0,64.0
40,269,8,1,1,254,20,2109.0,681.0
41,269,8,7,5,254,18,6255.0,437.0
42,377,8,1,1,348,17,4628.0,1491.0
43,517,4,2,2,348,19,5916.0,1594.0
44,517,4,7,2,348,19,6402.0,2770.0
45,377,8,6,3,348,9,6109.0,3040.0
46,138,9,1,1,133,12,6962.0,3429.0
47,703,9,1,1,586,2,2684.0,713.0
48,236,12,1,1,226,5,2539.0,324.0
49,260,16,1,1,248,15,3953.0,1776.0
50,260,16,4,5,248,11,5564.0,175.0
51,284,16,1,1,266,20,3409.0,1605.0
52,284,16,9,4,266,5,7564.0,3463.0
53,297,13,1,1,277,7,9770.0,4132.0
54,297,13,8,4,277,10,7346.0,1043.0
55,333,14,10,4,277,2,6027.0,1530.0
56,297,13,4,4,277,13,7179.0,683.0
57,333,14,9,5,277,6,1091.0,277.0
58,333,14,12,5,277,17,6967.0,3257.0
59,628,15,1,1,531,3,7493.0,96.0
60,281,17,1,1,195,20,3409.0,1605.0
61,201,4,4,1,195,6,6113.0,2508.0
62,201,4,5,3,195,15,7733.0,2784.0
63,201,4,12,3,195,15,6187.0,2344.0
64,281,17,9,4,195,5,7564.0,3463.0
65,446,12,8,5,195,19,2663.0,64.0
66,201,4,5,5,195,14,8524.0,154.0
67,515,17,1,1,452,20,1031.0,318.0
68,515,17,10,3,452,19,8560.0,2166.0
69,117,18,1,1,115,18,6471.0,2842.0
70,500,10,3,2,115,17,5831.0,1574.0
71,282,18,1,1,264,20,3409.0,1605.0
72,282,18,9,4,264,5,7564.0,3463.0
73,258,1,2,1,246,19,7702.0,60.0
74,258,1,2,3,246,7,9884.0,4446.0
75,258,1,6,5,246,2,5035.0,2008.0
76,308,2,2,1,287,1,2239.0,828.0
77,308,2,11,2,287,4,2450.0,1002.0
78,146,3,2,1,141,12,7131.0,718.0
79,146,3,7,3,141,10,4200.0,855.0
80,146,3,11,5,141,1,2962.0,1470.0
81,51,4,2,1,51,5,5105.0,465.0
82,51,4,12,2,51,15,6940.0,253.0
83,594,14,9,3,51,8,2451.0,342.0
84,398,4,2,1,366,8,4609.0,1084.0
85,398,4,9,1,366,4,2328.0,788.0
86,398,4,2,2,366,7,4734.0,958.0
87,301,5,2,1,281,18,2504.0,440.0
88,301,5,11,2,281,16,3124.0,138.0
89,301,5,6,5,281,4,6145.0,1414.0
90,307,5,2,1,286,1,2239.0,828.0
91,307,5,11,2,286,4,2450.0,1002.0
92,149,6,2,1,144,11,2701.0,322.0
93,149,6,9,5,144,18,7273.0,2702.0
94,218,7,2,1,211,10,4569.0,1693.0
95,579,8,2,1,53,12,9399.0,1949.0
96,445,8,2,2,53,3,9382.0,1085.0
97,579,8,8,4,53,4,7957.0,965.0
98,445,8,5,5,53,19,4936.0,576.0
99,53,13,5,5,53,16,5578.0,277.0
100,32,9,2,1,31,5,9683.0,1014.0
101,32,9,5,3,31,6,3090.0,573.0
102,122,9,2,1,120,17,7759.0,3741.0
103,764,14,8,2,120,14,4897.0,1001.0
104,122,9,7,2,120,16,7521.0,3457.0
105,167,10,2,1,162,19,1518.0,159.0
106,485,1,5,3,162,7,8851.0,3962.0
107,31,11,2,1,30,5,9683.0,1014.0
108,31,11,5,3,30,6,3090.0,573.0
109,160,16,2,1,155,15,6351.0,986.0
110,160,16,8,2,155,16,1760.0,619.0
111,159,13,2,1,154,15,6351.0,986.0
112,159,13,8,2,154,16,1760.0,619.0
113,30,14,2,1,29,5,9683.0,1014.0
114,30,14,5,3,29,6,3090.0,573.0
115,706,14,2,1,588,19,6669.0,3063.0
116,147,17,2,1,142,12,7131.0,718.0
117,147,17,7,3,142,10,4200.0,855.0
118,147,17,11,5,142,1,2962.0,1470.0
119,437,1,3,1,139,4,2349.0,319.0
120,437,1,7,1,139,4,7377.0,2049.0
121,437,1,6,1,139,14,8220.0,3882.0
122,563,15,4,2,139,13,1592.0,480.0
123,437,1,6,2,139,7,2379.0,279.0
124,144,6,6,2,139,2,738.0,342.0
125,171,2,3,1,166,6,8204.0,2382.0
126,171,2,11,3,166,6,2850.0,904.0
127,215,2,3,1,208,20,6016.0,431.0
128,172,3,3,1,98,6,8204.0,2382.0
129,99,3,9,1,98,16,9883.0,4812.0
130,99,3,9,1,98,7,5210.0,1185.0
131,172,3,11,3,98,6,2850.0,904.0
132,355,5,3,1,328,2,9808.0,2117.0
133,572,5,3,1,489,14,3411.0,1704.0
134,661,5,3,1,553,10,8178.0,2462.0
135,10,7,3,1,10,10,7600.0,1098.0
136,10,7,9,5,10,18,7501.0,262.0
137,321,7,3,1,299,7,916.0,362.0
138,321,7,8,1,299,20,1165.0,302.0
139,321,7,6,1,299,12,7846.0,677.0
140,449,8,3,1,404,8,2514.0,95.0
141,486,8,3,1,82,8,8468.0,3666.0
142,83,11,8,1,82,18,5846.0,586.0
143,83,11,11,1,82,7,6009.0,2107.0
144,486,8,6,2,82,14,4441.0,314.0
145,83,11,8,4,82,7,8175.0,525.0
146,83,11,5,4,82,3,2858.0,230.0
147,486,8,5,5,82,9,9680.0,3295.0
148,193,10,3,1,187,18,1755.0,495.0
149,193,10,1,3,187,20,8020.0,3898.0
150,193,10,12,4,187,19,622.0,218.0
151,645,10,3,1,545,8,2740.0,558.0
152,645,10,6,4,545,1,7895.0,1005.0
153,170,11,3,1,165,5,1167.0,463.0
154,170,11,5,1,165,19,5680.0,2159.0
155,170,11,4,4,165,20,2841.0,803.0
156,322,12,3,1,300,7,916.0,362.0
157,322,12,8,1,300,20,1165.0,302.0
158,322,12,6,1,300,12,7846.0,677.0
159,418,17,12,3,300,18,810.0,231.0
160,416,13,12,5,300,13,4007.0,201.0
161,644,14,3,1,544,8,2740.0,558.0
162,644,14,6,4,544,1,7895.0,1005.0
163,439,1,8,1,398,17,508.0,177.0
164,439,1,5,4,398,16,717.0,158.0
165,82,2,8,1,81,18,5846.0,586.0
166,82,2,11,1,81,7,6009.0,2107.0
167,82,2,8,4,81,7,8175.0,525.0
168,82,2,5,4,81,3,2858.0,230.0
169,186,3,8,1,180,16,1314.0,490.0
170,186,3,10,2,180,7,1150.0,58.0
171,186,3,5,2,180,1,4390.0,179.0
172,389,2,8,5,180,12,7441.0,867.0
173,440,3,8,1,57,17,508.0,177.0
174,57,11,8,2,57,7,1954.0,294.0
175,420,8,7,2,57,18,8141.0,3968.0
176,420,8,8,3,57,14,1067.0,251.0
177,440,3,5,4,57,16,717.0,158.0
178,512,3,8,1,107,10,6951.0,164.0
179,109,7,5,2,107,12,4920.0,775.0
180,109,7,12,3,107,15,9078.0,2213.0
181,184,4,8,1,178,4,8383.0,937.0
182,374,4,8,1,157,1,4115.0,1285.0
183,374,4,5,1,157,12,4761.0,2231.0
184,162,15,12,1,157,7,1486.0,114.0
185,162,15,9,4,157,14,869.0,373.0
186,442,4,8,1,400,17,508.0,177.0
187,442,4,5,4,400,16,717.0,158.0
188,102,5,8,1,48,13,576.0,76.0
189,48,14,1,4,48,5,1591.0,727.0
190,102,5,2,4,48,4,3574.0,851.0
191,351,6,8,1,325,17,8982.0,448.0
192,351,6,9,2,325,5,4826.0,562.0
193,399,6,8,1,367,5,1388.0,345.0
194,479,15,3,3,367,11,2589.0,605.0
195,399,6,4,4,367,8,8555.0,1638.0
196,441,6,8,1,399,17,508.0,177.0
197,441,6,5,4,399,16,717.0,158.0
198,126,8,8,1,124,3,1523.0,234.0
199,126,8,1,2,124,7,9073.0,424.0
200,509,8,4,2,124,15,9879.0,4930.0
201,475,12,12,4,124,19,8218.0,1430.0
202,443,8,8,1,401,17,508.0,177.0
203,443,8,5,4,401,16,717.0,158.0
204,116,12,8,1,114,1,3657.0,163.0
205,736,15,4,3,114,17,5557.0,2114.0
206,427,12,8,1,388,15,3913.0,961.0
207,680,16,8,1,571,7,5518.0,867.0
208,426,13,8,1,387,15,3913.0,961.0
209,724,13,8,1,402,18,6485.0,3178.0
210,444,2,2,2,402,3,9382.0,1085.0
211,444,2,5,5,402,19,4936.0,576.0
212,438,15,8,1,397,17,508.0,177.0
213,438,15,5,4,397,16,717.0,158.0
214,346,2,10,1,203,19,6690.0,1001.0
215,210,14,2,4,203,4,3423.0,804.0
216,346,2,12,4,203,10,4985.0,1920.0
217,458,2,10,1,409,14,3224.0,1018.0
218,648,4,7,1,409,16,5338.0,1354.0
219,458,2,4,2,409,20,2710.0,555.0
220,620,2,10,1,526,4,3194.0,534.0
221,620,2,7,4,526,5,3747.0,410.0
222,618,3,10,1,175,4,3194.0,534.0
223,404,17,11,1,175,18,2685.0,379.0
224,404,17,6,1,175,14,9916.0,4602.0
225,404,17,7,2,175,8,4548.0,2135.0
226,404,17,1,4,175,14,6184.0,50.0
227,618,3,7,4,175,5,3747.0,410.0
228,725,7,4,4,175,10,7259.0,1969.0
229,181,16,8,5,175,18,5322.0,1423.0
230,423,4,10,1,361,10,3839.0,1415.0
231,393,18,5,1,361,2,3577.0,699.0
232,393,18,7,3,361,11,838.0,271.0
233,793,4,10,1,639,12,1961.0,59.0
234,422,5,10,1,385,10,3839.0,1415.0
235,630,10,11,3,385,1,7163.0,1536.0
236,621,5,10,1,527,4,3194.0,534.0
237,621,5,7,4,527,5,3747.0,410.0
238,391,6,10,1,79,7,1732.0,766.0
239,391,6,9,3,79,19,8788.0,3944.0
240,80,7,3,4,79,1,3731.0,647.0
241,80,7,10,4,79,12,7223.0,2433.0
242,80,7,6,4,79,1,3428.0,350.0
243,280,7,10,1,263,9,9776.0,3750.0
244,280,7,4,2,263,18,1108.0,167.0
245,280,7,12,5,263,6,535.0,72.0
246,345,7,10,1,320,19,6690.0,1001.0
247,345,7,12,4,320,10,4985.0,1920.0
248,617,7,10,1,525,4,3194.0,534.0
249,617,7,7,4,525,5,3747.0,410.0
250,68,8,10,1,5,7,9619.0,3420.0
251,5,1,3,2,5,12,1525.0,185.0
252,68,8,3,2,5,20,9992.0,3696.0
253,70,8,10,1,69,7,9619.0,3420.0
254,70,8,3,2,69,20,9992.0,3696.0
255,653,9,10,1,396,6,3080.0,737.0
256,436,4,1,2,396,3,8706.0,1724.0
257,653,9,3,2,396,2,4904.0,469.0
258,187,10,10,1,181,17,5635.0,318.0
259,187,10,8,2,181,11,6515.0,961.0
260,187,10,3,3,181,17,1574.0,258.0
261,69,11,10,1,68,7,9619.0,3420.0
262,624,15,5,1,68,16,2586.0,800.0
263,624,15,9,1,68,9,3757.0,1626.0
264,69,11,3,2,68,20,9992.0,3696.0
265,624,15,5,2,68,19,6089.0,139.0
266,619,13,10,1,500,4,3194.0,534.0
267,585,18,9,2,500,11,2636.0,88.0
268,585,18,2,4,500,17,1093.0,397.0
269,619,13,7,4,500,5,3747.0,410.0
270,762,14,10,1,595,12,4699.0,103.0
271,719,9,12,1,595,19,3084.0,611.0
272,118,15,10,1,116,9,949.0,301.0
273,118,15,10,3,116,6,6823.0,771.0
274,118,15,5,3,116,2,4364.0,831.0
275,530,1,5,1,462,5,3756.0,1318.0
276,787,1,5,1,335,3,2689.0,1330.0
277,362,5,6,4,335,8,5410.0,2456.0
278,625,2,5,1,529,16,2586.0,800.0
279,625,2,9,1,529,9,3757.0,1626.0
280,625,2,5,2,529,19,6089.0,139.0
281,36,3,5,1,36,14,5768.0,2059.0
282,36,3,5,2,36,20,1016.0,172.0
283,36,3,5,4,36,3,1217.0,151.0
284,9,4,5,1,9,9,1023.0,78.0
285,755,3,8,2,9,12,8930.0,3374.0
286,9,4,7,2,9,1,6851.0,2812.0
287,755,3,11,2,9,9,6528.0,76.0
288,611,17,9,3,9,13,5028.0,1553.0
289,209,9,2,4,9,4,3423.0,804.0
290,9,4,8,4,9,15,7626.0,1046.0
291,786,5,5,1,163,3,2689.0,1330.0
292,168,18,9,2,163,2,8581.0,2444.0
293,760,9,5,1,619,4,6672.0,3319.0
294,42,10,5,1,42,12,7533.0,3508.0
295,42,10,1,2,42,6,4074.0,1175.0
296,42,10,8,4,42,3,2334.0,484.0
297,42,10,10,4,42,16,4734.0,1178.0
298,60,10,5,1,60,8,8797.0,1010.0
299,60,10,4,2,60,5,9236.0,2899.0
300,60,10,4,3,60,13,5704.0,714.0
301,372,10,5,1,344,5,5389.0,2196.0
302,372,10,11,5,344,11,4164.0,905.0
303,488,10,5,1,433,17,3260.0,207.0
304,761,10,5,1,620,4,6672.0,3319.0
305,59,11,5,1,59,8,8797.0,1010.0
306,59,11,4,2,59,5,9236.0,2899.0
307,59,11,4,3,59,13,5704.0,714.0
308,534,11,5,1,465,14,714.0,232.0
309,392,13,5,1,360,2,3577.0,699.0
310,392,13,7,3,360,11,838.0,271.0
311,533,13,5,1,464,14,714.0,232.0
312,714,12,5,5,464,17,847.0,355.0
313,623,14,5,1,528,16,2586.0,800.0
314,623,14,9,1,528,9,3757.0,1626.0
315,623,14,5,2,528,19,6089.0,139.0
316,96,17,5,1,95,14,1895.0,391.0
317,96,17,10,5,95,13,5323.0,322.0
318,415,18,5,1,382,10,8945.0,1728.0
319,199,2,9,1,193,20,8769.0,1989.0
320,414,3,9,1,381,6,9653.0,2471.0
321,100,4,9,1,99,16,9883.0,4812.0
322,100,4,9,1,99,7,5210.0,1185.0
323,657,12,2,2,99,18,8422.0,893.0
324,651,11,3,3,99,2,3095.0,941.0
325,657,12,12,4,99,8,6105.0,1447.0
326,493,5,9,1,437,20,4116.0,921.0
327,495,5,9,1,439,15,1109.0,418.0
328,101,7,9,1,100,16,9883.0,4812.0
329,101,7,9,1,100,7,5210.0,1185.0
330,494,7,9,1,438,20,4116.0,921.0
331,519,6,6,2,438,15,4015.0,1751.0
332,295,8,9,1,244,13,7792.0,1403.0
333,256,12,9,2,244,15,514.0,109.0
334,295,8,6,2,244,14,2346.0,388.0
335,256,12,3,3,244,13,1248.0,584.0
336,256,12,7,3,244,14,3669.0,154.0
337,12,9,9,1,12,1,1629.0,265.0
338,789,9,9,1,635,2,5024.0,379.0
339,13,10,9,1,13,1,1629.0,265.0
340,296,10,9,1,276,13,7792.0,1403.0
341,296,10,6,2,276,14,2346.0,388.0
342,383,10,9,1,353,14,7519.0,402.0
343,383,10,1,2,353,13,1564.0,674.0
344,202,8,3,3,353,7,3573.0,562.0
345,202,8,11,3,353,10,8055.0,661.0
346,251,12,9,1,46,1,9654.0,4111.0
347,46,7,1,4,46,5,1591.0,727.0
348,251,12,10,5,46,20,3112.0,1065.0
349,294,18,9,1,275,13,7792.0,1403.0
350,294,18,6,2,275,14,2346.0,388.0
351,790,18,9,1,636,2,5024.0,379.0
352,689,1,7,1,108,15,7019.0,2677.0
353,110,1,12,1,108,7,8586.0,3826.0
354,780,2,7,1,629,3,3451.0,658.0
355,802,2,7,1,648,13,914.0,163.0
356,316,3,7,1,295,5,8102.0,1800.0
357,316,3,5,3,295,10,3234.0,1274.0
358,753,6,1,5,295,15,3560.0,1335.0
359,647,3,7,1,547,16,5338.0,1354.0
360,649,3,7,1,548,16,5338.0,1354.0
361,45,6,7,1,45,4,3808.0,1192.0
362,45,6,3,4,45,16,2588.0,705.0
363,366,7,7,1,117,5,7434.0,2851.0
364,119,18,11,1,117,10,6671.0,2797.0
365,767,7,7,1,623,19,9272.0,1771.0
366,544,8,7,1,112,13,8537.0,3586.0
367,114,18,8,3,112,13,5047.0,2211.0
368,768,9,7,1,441,19,9272.0,1771.0
369,497,17,3,3,441,7,3573.0,562.0
370,497,17,11,3,441,10,8055.0,661.0
371,531,11,7,1,463,1,5196.0,2477.0
372,531,11,12,2,463,19,6586.0,1794.0
373,25,12,7,1,25,12,7784.0,2937.0
374,25,12,1,5,25,12,5122.0,2413.0
375,25,12,3,5,25,3,5591.0,1696.0
376,217,12,7,1,210,12,1290.0,204.0
377,532,3,7,3,210,19,6673.0,950.0
378,315,12,7,1,294,5,8102.0,1800.0
379,315,12,5,3,294,10,3234.0,1274.0
380,573,16,7,1,490,16,9406.0,1137.0
381,573,16,2,3,490,15,1156.0,74.0
382,522,13,7,1,457,6,6584.0,371.0
383,522,13,10,5,457,11,4706.0,594.0
384,232,14,7,1,223,20,6381.0,2763.0
385,232,14,1,3,223,16,7748.0,1706.0
386,608,16,4,4,223,8,3918.0,749.0
387,232,14,11,4,223,6,992.0,64.0
388,675,14,7,1,567,5,9775.0,4507.0
389,317,15,7,1,296,5,8102.0,1800.0
390,317,15,5,3,296,10,3234.0,1274.0
391,473,18,7,3,296,13,4220.0,945.0
392,521,15,7,1,456,6,6584.0,371.0
393,521,15,10,5,456,11,4706.0,594.0
394,646,18,7,1,546,16,5338.0,1354.0
395,41,3,12,1,41,1,1126.0,55.0
396,140,3,12,1,135,20,1085.0,301.0
397,604,3,12,1,515,17,1496.0,662.0
398,604,3,3,2,515,7,5470.0,292.0
399,604,3,8,4,515,16,9914.0,3858.0
400,86,4,12,1,85,14,7826.0,1221.0
401,431,14,6,3,85,19,3760.0,1849.0
402,86,4,7,4,85,13,9691.0,3056.0
403,431,14,4,4,85,9,1579.0,602.0
404,86,4,5,5,85,16,9835.0,2571.0
405,87,5,12,1,86,14,7826.0,1221.0
406,87,5,7,4,86,13,9691.0,3056.0
407,87,5,5,5,86,16,9835.0,2571.0
408,503,5,12,1,445,5,3659.0,379.0
409,537,5,12,1,467,10,2401.0,1163.0
410,537,5,11,2,467,11,1045.0,267.0
411,161,6,12,1,156,7,1486.0,114.0
412,161,6,9,4,156,14,869.0,373.0
413,574,7,12,1,491,10,5354.0,743.0
414,538,8,12,1,468,10,2401.0,1163.0
415,538,8,11,2,468,11,1045.0,267.0
416,605,8,12,1,516,17,1496.0,662.0
417,605,8,3,2,516,7,5470.0,292.0
418,605,8,8,4,516,16,9914.0,3858.0
419,85,9,12,1,84,14,7826.0,1221.0
420,85,9,7,4,84,13,9691.0,3056.0
421,85,9,5,5,84,16,9835.0,2571.0
422,178,9,12,1,172,9,1368.0,406.0
423,178,9,5,5,172,7,2323.0,727.0
424,155,12,12,1,150,19,9574.0,4045.0
425,155,12,1,5,150,17,4382.0,482.0
426,616,12,12,1,524,3,3518.0,1051.0
427,616,12,4,3,524,8,4157.0,1874.0
428,536,15,12,1,231,10,2401.0,1163.0
429,536,15,11,2,231,11,1045.0,267.0
430,772,6,4,4,231,12,7992.0,893.0
431,241,15,6,4,231,13,7930.0,1981.0
432,40,17,12,1,40,1,1126.0,55.0
433,135,16,5,5,40,10,7421.0,958.0
434,111,17,12,1,109,7,8586.0,3826.0
435,130,4,4,1,127,4,1341.0,615.0
436,658,13,2,2,127,18,8422.0,893.0
437,658,13,12,4,127,8,6105.0,1447.0
438,554,4,4,1,480,8,3067.0,1475.0
439,554,4,2,2,480,6,9369.0,3297.0
440,554,4,2,4,480,20,8680.0,4068.0
441,320,5,4,1,171,13,4470.0,413.0
442,177,2,3,2,171,9,3137.0,571.0
443,235,6,4,1,128,18,4099.0,52.0
444,131,15,1,2,128,19,9851.0,2669.0
445,131,15,5,2,128,14,9989.0,3930.0
446,555,6,4,1,481,8,3067.0,1475.0
447,555,6,2,2,481,6,9369.0,3297.0
448,555,6,2,4,481,20,8680.0,4068.0
449,165,7,4,1,160,17,1239.0,575.0
450,165,7,1,3,160,16,1262.0,515.0
451,164,8,4,1,159,17,1239.0,575.0
452,164,8,1,3,159,16,1262.0,515.0
453,731,12,4,1,488,1,9837.0,384.0
454,571,14,11,2,488,13,8158.0,2052.0
455,731,12,8,3,488,16,3445.0,1405.0
456,742,14,4,1,608,12,8851.0,999.0
457,747,1,2,4,608,18,2258.0,135.0
458,104,18,4,1,102,1,4371.0,1852.0
459,104,18,3,3,102,8,782.0,374.0
460,298,1,11,1,278,2,5449.0,2389.0
461,668,1,11,1,560,3,5427.0,728.0
462,312,2,11,1,291,14,5152.0,2045.0
463,543,2,11,1,199,15,7484.0,2871.0
464,636,7,9,3,199,5,4172.0,235.0
465,505,16,11,3,199,11,7478.0,1381.0
466,205,7,3,4,199,1,9849.0,963.0
467,543,2,8,4,199,1,7700.0,2712.0
468,205,7,9,4,199,9,2493.0,1221.0
469,154,4,11,1,149,9,9536.0,1437.0
470,154,4,8,4,149,7,2225.0,589.0
471,542,4,11,1,471,15,7484.0,2871.0
472,542,4,8,4,471,1,7700.0,2712.0
473,28,5,11,1,28,17,2863.0,205.0
474,659,16,3,3,28,9,670.0,85.0
475,228,13,8,5,28,12,7684.0,1157.0
476,28,5,10,5,28,8,8293.0,2632.0
477,311,5,11,1,290,14,5152.0,2045.0
478,735,5,11,1,604,6,992.0,177.0
479,735,5,7,3,604,18,4699.0,625.0
480,310,7,11,1,289,14,5152.0,2045.0
481,15,8,11,1,15,11,9380.0,414.0
482,15,8,10,4,15,18,8558.0,1644.0
483,15,8,9,5,15,17,4080.0,72.0
484,27,8,11,1,27,17,2863.0,205.0
485,27,8,10,5,27,8,8293.0,2632.0
486,313,8,11,1,292,14,5152.0,2045.0
487,569,9,11,1,358,20,5900.0,1738.0
488,569,9,11,3,358,9,4544.0,1726.0
489,388,17,4,5,358,6,5730.0,482.0
490,252,12,11,1,240,13,7838.0,1142.0
491,252,12,9,2,240,17,1733.0,133.0
492,252,12,11,4,240,6,9300.0,3146.0
493,257,14,11,1,245,16,3273.0,85.0
494,615,14,5,5,245,11,5954.0,2618.0
495,26,15,11,1,26,17,2863.0,205.0
496,26,15,10,5,26,8,8293.0,2632.0
497,403,15,11,1,371,18,2685.0,379.0
498,403,15,6,1,371,14,9916.0,4602.0
499,403,15,7,2,371,8,4548.0,2135.0
500,403,15,1,4,371,14,6184.0,50.0
501,699,17,11,1,584,7,4918.0,1485.0
502,299,3,6,1,279,1,697.0,116.0
503,299,3,6,5,279,6,2895.0,104.0
504,7,6,6,1,7,19,2516.0,734.0
505,306,16,7,5,7,3,4202.0,1171.0
506,272,10,6,1,257,12,7957.0,2834.0
507,272,10,5,3,257,7,4492.0,1450.0
508,272,10,3,5,257,18,975.0,224.0
509,357,10,6,1,330,17,1133.0,73.0
510,357,10,12,5,330,19,6248.0,1168.0
511,300,16,6,1,280,1,697.0,116.0
512,300,16,6,5,280,6,2895.0,104.0
513,451,14,6,1,406,8,5393.0,2642.0
514,49,15,6,1,49,10,1757.0,622.0
515,356,15,6,1,329,17,1133.0,73.0
516,356,15,12,5,329,19,6248.0,1168.0
517,50,18,6,1,50,10,1757.0,622.0
518,292,1,1,2,62,20,2565.0,983.0
519,62,9,11,4,62,19,4358.0,526.0
520,62,9,11,4,62,8,6459.0,825.0
521,292,1,3,5,62,19,5024.0,1544.0
522,588,1,1,2,503,7,7344.0,2251.0
523,588,1,2,5,503,10,5832.0,2588.0
524,588,1,9,5,503,3,7306.0,1547.0
525,324,2,1,2,302,13,5266.0,1111.0
526,324,2,3,4,302,1,3022.0,384.0
527,132,3,1,2,129,19,9851.0,2669.0
528,132,3,5,2,129,14,9989.0,3930.0
529,133,4,1,2,130,19,9851.0,2669.0
530,133,4,5,2,130,14,9989.0,3930.0
531,378,18,3,4,130,13,4369.0,584.0
532,285,8,1,2,77,1,6934.0,1226.0
533,78,10,10,2,77,1,3887.0,1490.0
534,78,10,10,5,77,10,3433.0,1169.0
535,367,9,1,2,339,19,7213.0,508.0
536,367,9,5,3,339,9,3176.0,586.0
537,751,9,1,2,363,15,9952.0,3301.0
538,395,16,11,2,363,6,7122.0,1836.0
539,395,16,7,4,363,15,7327.0,2596.0
540,175,11,1,2,169,3,1281.0,340.0
541,700,6,9,4,169,19,3189.0,1180.0
542,175,11,4,5,169,15,2404.0,253.0
543,288,11,1,2,270,15,6355.0,1335.0
544,289,11,1,2,271,15,6355.0,1335.0
545,323,11,1,2,301,13,5266.0,1111.0
546,323,11,3,4,301,1,3022.0,384.0
547,797,11,1,2,643,5,7699.0,246.0
548,123,16,1,2,121,10,6435.0,334.0
549,123,16,2,2,121,18,4948.0,2356.0
550,123,16,3,5,121,12,9704.0,4339.0
551,302,14,1,2,282,1,6934.0,1226.0
552,732,10,8,3,282,8,1314.0,457.0
553,368,14,1,2,340,19,7213.0,508.0
554,368,14,5,3,340,9,3176.0,586.0
555,791,15,1,2,637,18,8962.0,2444.0
556,792,18,1,2,638,18,8962.0,2444.0
557,525,3,2,2,383,12,9869.0,4299.0
558,419,8,12,2,383,18,9789.0,2071.0
559,419,8,1,5,383,8,9229.0,4090.0
560,516,4,2,2,453,19,5916.0,1594.0
561,516,4,7,2,453,19,6402.0,2770.0
562,329,10,2,2,306,2,9562.0,325.0
563,524,10,2,2,151,12,9869.0,4299.0
564,474,11,10,2,151,4,8526.0,1704.0
565,156,14,8,4,151,13,9316.0,3003.0
566,785,6,11,4,151,3,8490.0,3485.0
567,156,14,1,5,151,15,6379.0,3128.0
568,156,14,4,5,151,19,8200.0,257.0
569,290,11,2,2,272,15,7377.0,320.0
570,290,11,7,3,272,12,2054.0,371.0
571,434,11,2,2,394,12,5462.0,673.0
572,738,11,2,2,605,11,9840.0,3870.0
573,546,12,2,2,261,7,5313.0,2037.0
574,276,12,7,3,261,11,1818.0,738.0
575,276,12,12,3,261,14,5911.0,2333.0
576,547,16,2,2,473,7,5313.0,2037.0
577,626,10,8,2,473,5,5193.0,2530.0
578,652,18,2,2,167,13,6017.0,2230.0
579,173,6,3,4,167,9,907.0,391.0
580,501,1,3,2,54,17,5831.0,1574.0
581,54,16,7,4,54,11,5002.0,1801.0
582,54,16,6,4,54,16,5224.0,1958.0
583,54,16,7,5,54,18,7380.0,1673.0
584,463,2,3,2,414,16,2957.0,917.0
585,342,3,3,2,317,12,9084.0,3253.0
586,4,4,3,2,4,12,1525.0,185.0
587,325,4,3,2,303,9,4853.0,1764.0
588,38,5,3,2,38,10,1603.0,361.0
589,38,5,9,2,38,2,953.0,93.0
590,38,5,11,4,38,3,1843.0,248.0
591,38,5,8,5,38,3,7355.0,1034.0
592,128,5,3,2,126,8,914.0,400.0
593,128,5,9,4,126,3,1548.0,666.0
594,452,3,11,4,126,8,2280.0,509.0
595,504,7,3,2,446,4,4183.0,1159.0
596,158,8,3,2,153,9,8856.0,2020.0
597,158,8,7,4,153,5,3348.0,568.0
598,672,8,3,2,564,20,2284.0,149.0
599,268,9,3,2,253,12,3956.0,142.0
600,268,9,12,3,253,11,6449.0,2628.0
601,541,9,3,2,470,6,6147.0,2526.0
602,776,10,3,2,626,9,8848.0,2090.0
603,19,12,3,2,19,20,3686.0,760.0
604,622,17,10,5,19,1,8548.0,2305.0
605,499,12,3,2,443,17,5831.0,1574.0
606,326,16,3,2,304,9,4853.0,1764.0
607,677,7,1,5,304,14,4163.0,897.0
608,20,13,3,2,20,20,3686.0,760.0
609,523,9,8,3,20,1,6389.0,734.0
610,137,3,9,5,20,1,3099.0,479.0
611,137,3,11,5,20,7,2521.0,906.0
612,153,13,3,2,148,17,4404.0,858.0
613,687,6,12,3,148,9,5994.0,2826.0
614,153,13,8,4,148,15,8776.0,2529.0
615,37,15,3,2,37,10,1603.0,361.0
616,37,15,9,2,37,2,953.0,93.0
617,37,15,11,4,37,3,1843.0,248.0
618,37,15,8,5,37,3,7355.0,1034.0
619,157,15,3,2,152,9,8856.0,2020.0
620,157,15,7,4,152,5,3348.0,568.0
621,267,17,3,2,101,12,3956.0,142.0
622,103,15,2,3,101,13,1860.0,457.0
623,267,17,12,3,101,11,6449.0,2628.0
624,627,1,8,2,530,5,5193.0,2530.0
625,106,2,8,2,104,5,2799.0,1239.0
626,106,2,5,2,104,5,6218.0,1125.0
627,106,2,2,4,104,14,5167.0,253.0
628,726,1,2,5,104,18,3333.0,700.0
629,417,9,12,5,104,13,4007.0,201.0
630,106,2,11,5,104,1,8346.0,1176.0
631,783,3,8,2,632,15,6646.0,848.0
632,782,6,8,2,631,15,6646.0,848.0
633,75,9,8,2,74,5,4968.0,934.0
634,75,9,4,3,74,4,1731.0,149.0
635,75,9,5,4,74,8,9768.0,4518.0
636,198,9,8,2,192,3,6223.0,1478.0
637,198,9,6,2,192,17,8943.0,3121.0
638,198,9,11,4,192,12,3297.0,102.0
639,198,9,4,5,192,14,2791.0,894.0
640,196,11,8,2,190,3,6223.0,1478.0
641,196,11,6,2,190,17,8943.0,3121.0
642,196,11,11,4,190,12,3297.0,102.0
643,196,11,4,5,190,14,2791.0,894.0
644,107,12,8,2,105,5,2799.0,1239.0
645,107,12,5,2,105,5,6218.0,1125.0
646,107,12,2,4,105,14,5167.0,253.0
647,107,12,11,5,105,1,8346.0,1176.0
648,105,16,8,2,103,5,2799.0,1239.0
649,105,16,5,2,103,5,6218.0,1125.0
650,105,16,2,4,103,14,5167.0,253.0
651,105,16,11,5,103,1,8346.0,1176.0
652,749,16,8,2,612,3,9609.0,4339.0
653,763,16,8,2,377,14,4897.0,1001.0
654,410,6,6,4,377,11,1397.0,686.0
655,577,13,8,2,494,8,6783.0,3306.0
656,197,14,8,2,191,3,6223.0,1478.0
657,197,14,6,2,191,17,8943.0,3121.0
658,197,14,11,4,191,12,3297.0,102.0
659,197,14,4,5,191,14,2791.0,894.0
660,750,14,8,2,613,3,9609.0,4339.0
661,502,18,8,2,444,8,7952.0,3865.0
662,752,13,9,4,444,7,9873.0,4585.0
663,254,1,10,2,242,15,874.0,235.0
664,77,7,10,2,76,1,3887.0,1490.0
665,77,7,10,5,76,10,3433.0,1169.0
666,253,8,10,2,241,15,874.0,235.0
667,567,8,10,2,486,6,8305.0,1577.0
668,14,10,10,2,14,19,8971.0,2971.0
669,14,10,10,5,14,20,2939.0,894.0
670,76,12,10,2,75,1,3887.0,1490.0
671,76,12,10,5,75,10,3433.0,1169.0
672,328,12,10,2,305,16,9659.0,2226.0
673,328,12,12,2,305,8,4539.0,1155.0
674,328,12,6,5,305,7,883.0,127.0
675,222,16,10,2,215,3,7301.0,3602.0
676,293,16,10,2,274,15,8243.0,1346.0
677,190,15,10,2,184,3,6891.0,2529.0
678,664,2,5,2,556,9,8752.0,1686.0
679,741,3,5,2,179,5,4314.0,1591.0
680,185,2,9,3,179,4,7560.0,821.0
681,765,3,5,2,621,14,5460.0,2088.0
682,24,4,5,2,24,1,3132.0,963.0
683,24,4,8,3,24,15,3958.0,630.0
684,327,12,3,4,24,15,796.0,153.0
685,327,12,3,5,24,1,9832.0,1270.0
686,778,10,7,5,24,3,8044.0,3634.0
687,35,4,5,2,34,10,6139.0,451.0
688,35,4,8,4,34,19,4439.0,1712.0
689,35,4,6,5,34,3,8636.0,3192.0
690,79,5,5,2,78,10,5301.0,817.0
691,79,5,9,2,78,12,1166.0,520.0
692,79,5,9,2,78,15,3196.0,1411.0
693,79,5,7,4,78,20,1801.0,641.0
694,798,6,5,2,644,15,8825.0,3594.0
695,489,11,5,2,337,8,8709.0,2322.0
696,364,5,8,4,337,1,3024.0,1353.0
697,490,12,5,2,434,8,8709.0,2322.0
698,788,12,5,2,634,14,815.0,54.0
699,18,16,5,2,35,10,6139.0,451.0
700,18,16,8,4,35,19,4439.0,1712.0
701,18,16,6,5,35,3,8636.0,3192.0
702,273,16,5,2,258,7,4906.0,975.0
703,662,14,5,2,554,9,8752.0,1686.0
704,766,14,5,2,622,14,5460.0,2088.0
705,663,18,5,2,555,9,8752.0,1686.0
706,91,1,9,2,90,10,6517.0,1581.0
707,91,1,5,4,90,11,1166.0,349.0
708,97,1,9,2,96,6,8667.0,1266.0
709,97,1,7,2,96,13,8850.0,279.0
710,613,1,9,2,522,19,594.0,67.0
711,759,2,9,2,618,9,8644.0,1968.0
712,586,3,9,2,501,11,2636.0,88.0
713,586,3,2,4,501,17,1093.0,397.0
714,612,3,9,2,521,19,594.0,67.0
715,169,4,9,2,164,2,8581.0,2444.0
716,239,5,9,2,229,2,2901.0,1411.0
717,239,5,3,4,229,6,6934.0,1152.0
718,562,7,9,2,72,3,9565.0,1691.0
719,562,7,9,3,72,11,8245.0,324.0
720,73,17,6,3,72,2,9730.0,2341.0
721,73,17,8,4,72,5,822.0,147.0
722,73,17,1,5,72,2,2483.0,236.0
723,73,17,9,5,72,2,2684.0,670.0
724,465,8,9,2,416,6,5344.0,2607.0
725,464,9,9,2,415,6,5344.0,2607.0
726,238,11,9,2,228,2,2901.0,1411.0
727,238,11,3,4,228,6,6934.0,1152.0
728,614,11,9,2,523,19,594.0,67.0
729,603,16,9,2,197,6,8194.0,2881.0
730,203,9,3,3,197,17,9905.0,633.0
731,255,13,9,2,243,15,514.0,109.0
732,255,13,3,3,243,13,1248.0,584.0
733,255,13,7,3,243,14,3669.0,154.0
734,587,13,9,2,502,11,2636.0,88.0
735,587,13,2,4,502,17,1093.0,397.0
736,453,14,9,2,356,9,6596.0,1439.0
737,386,17,1,4,356,10,2804.0,936.0
738,92,17,9,2,91,10,6517.0,1581.0
739,92,17,5,4,91,11,1166.0,349.0
740,756,17,9,2,615,9,4521.0,1778.0
741,462,2,7,2,413,16,8769.0,3178.0
742,526,3,7,2,458,4,655.0,297.0
743,600,3,7,2,512,5,2047.0,914.0
744,600,3,12,4,512,14,2995.0,220.0
745,771,15,4,4,512,12,7992.0,893.0
746,527,4,7,2,459,4,655.0,297.0
747,349,7,7,2,56,20,6956.0,318.0
748,56,8,6,2,56,4,7595.0,2873.0
749,650,15,3,3,56,2,3095.0,941.0
750,150,12,7,2,145,18,2465.0,699.0
751,421,18,7,2,384,18,8141.0,3968.0
752,421,18,8,3,384,14,1067.0,251.0
753,244,3,12,2,234,20,531.0,189.0
754,244,3,11,2,234,20,4911.0,186.0
755,219,4,12,2,212,16,3083.0,1151.0
756,456,13,2,5,212,17,5379.0,2510.0
757,670,5,12,2,562,15,2695.0,914.0
758,425,6,12,2,219,12,2137.0,638.0
759,425,6,6,2,219,12,2831.0,1289.0
760,226,2,8,5,219,12,7684.0,1157.0
761,692,8,12,2,579,5,9752.0,3618.0
762,796,10,12,2,642,9,6093.0,3042.0
763,795,12,12,2,641,9,6093.0,3042.0
764,669,18,12,2,561,15,2695.0,914.0
765,693,18,12,2,284,5,9752.0,3618.0
766,304,8,7,5,284,3,4202.0,1171.0
767,715,18,12,2,507,9,3129.0,55.0
768,593,5,9,3,507,8,2451.0,342.0
769,715,18,4,3,507,13,7821.0,3821.0
770,249,3,4,2,238,13,721.0,258.0
771,249,3,12,3,238,15,5234.0,2021.0
772,249,3,4,4,238,17,8364.0,3055.0
773,274,3,4,2,259,10,4244.0,340.0
774,274,3,3,4,259,3,1379.0,250.0
775,744,3,4,2,475,2,544.0,272.0
776,549,18,8,3,475,7,3281.0,471.0
777,278,4,4,2,262,1,2670.0,1026.0
778,278,4,9,4,262,4,2140.0,970.0
779,189,8,4,2,183,20,1231.0,214.0
780,733,9,4,2,602,6,5951.0,936.0
781,277,10,4,2,225,1,2670.0,1026.0
782,234,8,4,3,225,13,8649.0,2631.0
783,277,10,9,4,225,4,2140.0,970.0
784,279,12,4,2,106,1,2670.0,1026.0
785,279,12,9,4,106,4,2140.0,970.0
786,108,1,7,4,106,20,3234.0,1029.0
787,743,16,4,2,609,2,544.0,272.0
788,188,13,4,2,182,20,1231.0,214.0
789,633,13,4,2,535,15,3482.0,1554.0
790,734,13,4,2,603,6,5951.0,936.0
791,248,18,4,2,237,13,721.0,258.0
792,248,18,12,3,237,15,5234.0,2021.0
793,769,16,3,4,237,15,7870.0,1057.0
794,248,18,4,4,237,17,8364.0,3055.0
795,43,3,11,2,43,11,2750.0,1239.0
796,43,3,3,3,43,19,8639.0,3104.0
797,528,3,11,2,460,10,798.0,308.0
798,528,3,2,3,460,13,7967.0,2504.0
799,396,6,11,2,364,6,7122.0,1836.0
800,396,6,7,4,364,15,7327.0,2596.0
801,728,7,11,2,333,6,7644.0,2428.0
802,360,7,2,4,333,7,6236.0,2839.0
803,394,9,11,2,362,6,7122.0,1836.0
804,394,9,7,4,362,15,7327.0,2596.0
805,682,10,11,2,573,6,7566.0,606.0
806,564,13,11,2,485,5,8400.0,267.0
807,564,13,9,3,485,15,4963.0,1254.0
808,681,13,11,2,572,6,7566.0,606.0
809,247,14,11,2,236,19,7664.0,1753.0
810,44,15,11,2,44,11,2750.0,1239.0
811,44,15,3,3,44,19,8639.0,3104.0
812,225,15,11,2,218,9,2776.0,887.0
813,225,15,4,3,218,14,1676.0,330.0
814,225,15,12,5,218,12,3927.0,1133.0
815,529,15,11,2,461,10,798.0,308.0
816,529,15,2,3,461,13,7967.0,2504.0
817,510,17,11,2,52,1,8762.0,3502.0
818,52,1,5,5,52,16,5578.0,277.0
819,581,9,5,5,52,4,1786.0,224.0
820,142,3,6,2,137,2,738.0,342.0
821,560,4,6,2,136,18,5317.0,1345.0
822,141,14,6,2,136,2,738.0,342.0
823,560,4,5,3,136,14,6304.0,766.0
824,55,5,6,2,55,4,7595.0,2873.0
825,309,6,6,2,288,13,9827.0,4208.0
826,309,6,8,4,288,15,8077.0,240.0
827,553,6,6,2,479,16,3877.0,481.0
828,552,8,6,2,478,16,3877.0,481.0
829,518,12,6,2,454,15,4015.0,1751.0
830,540,1,8,4,454,19,5263.0,1743.0
831,561,12,6,2,484,18,5317.0,1345.0
832,561,12,5,3,484,14,6304.0,766.0
833,192,13,6,2,186,14,4215.0,432.0
834,559,13,6,2,18,18,5317.0,1345.0
835,559,13,5,3,18,14,6304.0,766.0
836,18,12,10,5,18,20,5219.0,1180.0
837,143,14,6,2,138,2,738.0,342.0
838,566,17,6,2,21,14,9132.0,3096.0
839,21,4,3,5,21,11,9337.0,554.0
840,21,4,9,5,21,4,6045.0,1606.0
841,641,17,6,2,541,9,1146.0,188.0
842,347,1,1,3,321,15,8590.0,3565.0
843,347,1,5,5,321,10,6973.0,3038.0
844,775,4,1,3,349,18,6499.0,2189.0
845,379,11,3,4,349,13,4369.0,584.0
846,213,9,1,3,206,19,7643.0,3720.0
847,16,11,1,3,16,17,4206.0,1821.0
848,480,11,1,3,427,9,3776.0,1100.0
849,145,13,1,3,140,17,1366.0,242.0
850,145,13,7,4,140,13,1518.0,155.0
851,245,18,1,3,235,10,9707.0,3483.0
852,245,18,9,5,235,7,8521.0,2584.0
853,481,18,1,3,428,9,3776.0,1100.0
854,341,2,2,3,316,2,6252.0,1377.0
855,602,6,2,3,514,3,2737.0,1253.0
856,665,6,2,3,557,16,8974.0,4441.0
857,58,9,2,3,58,20,523.0,95.0
858,151,9,2,3,146,7,5457.0,1765.0
859,151,9,7,3,146,2,3479.0,1087.0
860,215,9,2,3,322,19,4591.0,1941.0
861,215,9,3,4,322,17,9612.0,2572.0
862,262,9,2,3,250,18,6488.0,1591.0
863,685,12,12,3,250,9,5994.0,2826.0
864,263,16,2,3,251,18,6488.0,1591.0
865,448,16,2,3,403,5,5151.0,1680.0
866,691,9,4,4,403,14,5954.0,2640.0
867,413,3,3,3,380,14,4495.0,1408.0
868,413,3,12,3,380,19,6732.0,911.0
869,484,4,3,3,431,15,1626.0,258.0
870,511,6,3,3,390,1,8490.0,800.0
871,429,14,6,3,390,19,3760.0,1849.0
872,429,14,4,4,390,9,1579.0,602.0
873,339,7,3,3,314,3,3288.0,1477.0
874,704,7,3,3,351,5,7626.0,229.0
875,381,1,8,4,351,20,5632.0,2358.0
876,496,10,3,3,440,7,3573.0,562.0
877,496,10,11,3,440,10,8055.0,661.0
878,338,11,3,3,313,3,3288.0,1477.0
879,478,12,3,3,426,11,2589.0,605.0
880,705,13,3,3,587,5,7626.0,229.0
881,202,14,3,3,196,12,736.0,286.0
882,202,14,5,3,196,18,4364.0,148.0
883,352,14,3,3,113,15,972.0,106.0
884,115,3,8,3,113,13,5047.0,2211.0
885,707,14,7,4,113,3,6123.0,1686.0
886,204,17,3,3,198,17,9905.0,633.0
887,483,18,3,3,430,16,5165.0,885.0
888,483,18,12,3,430,4,4863.0,2394.0
889,61,1,8,3,61,17,9109.0,586.0
890,656,1,8,3,551,17,5346.0,1246.0
891,113,2,8,3,111,13,5047.0,2211.0
892,214,2,8,3,207,15,3461.0,1537.0
893,214,2,1,4,207,6,5714.0,1438.0
894,214,2,10,5,207,10,3853.0,1457.0
895,609,2,8,3,519,15,9921.0,1451.0
896,655,4,8,3,550,17,5346.0,1246.0
897,548,5,8,3,474,7,3281.0,471.0
898,551,7,8,3,477,18,6195.0,1556.0
899,195,8,8,3,189,2,912.0,246.0
900,195,8,1,5,189,4,7690.0,1134.0
901,592,11,8,3,506,13,3661.0,436.0
902,112,12,8,3,110,13,5047.0,2211.0
903,727,18,8,3,220,4,7786.0,1202.0
904,227,3,8,5,220,12,7684.0,1157.0
905,39,1,10,3,39,16,6800.0,167.0
906,39,1,3,4,39,1,2025.0,528.0
907,375,3,10,3,346,6,5899.0,2264.0
908,461,11,10,3,412,10,3957.0,151.0
909,250,12,10,3,239,14,6295.0,2469.0
910,250,12,3,4,239,12,6711.0,1045.0
911,250,12,5,4,239,4,5031.0,714.0
912,250,12,11,4,239,18,3944.0,1559.0
913,698,15,10,3,405,4,9874.0,3895.0
914,450,6,4,3,405,2,6129.0,2976.0
915,450,6,12,5,405,3,4395.0,1663.0
916,350,3,5,3,324,17,5306.0,2405.0
917,336,7,5,3,311,2,4852.0,218.0
918,589,7,5,3,417,8,8572.0,2041.0
919,466,15,4,3,417,19,6061.0,2121.0
920,589,7,2,4,417,10,8059.0,1834.0
921,570,10,7,4,417,19,8861.0,3381.0
922,590,7,5,3,504,8,8572.0,2041.0
923,590,7,2,4,504,10,8059.0,1834.0
924,334,9,5,3,309,2,4852.0,218.0
925,591,10,5,3,505,8,8572.0,2041.0
926,591,10,2,4,505,10,8059.0,1834.0
927,370,16,5,3,342,19,4146.0,865.0
928,370,16,5,3,342,7,3793.0,875.0
929,33,14,5,3,32,18,2463.0,648.0
930,335,17,5,3,310,2,4852.0,218.0
931,179,1,9,3,173,20,9894.0,3698.0
932,179,1,4,4,173,16,9204.0,3289.0
933,180,1,9,3,174,20,9894.0,3698.0
934,180,1,4,4,174,16,9204.0,3289.0
935,163,2,9,3,158,20,5142.0,1916.0
936,637,14,8,5,158,8,6265.0,155.0
937,163,2,10,5,158,13,2999.0,145.0
938,582,3,9,3,497,9,4751.0,781.0
939,95,4,9,3,94,8,7340.0,2271.0
940,95,4,11,3,94,1,5442.0,1610.0
941,635,4,9,3,537,5,4172.0,235.0
942,454,5,9,3,407,5,4510.0,1896.0
943,739,12,9,3,606,4,7620.0,125.0
944,740,12,9,3,607,4,7620.0,125.0
945,595,16,9,3,508,8,2451.0,342.0
946,634,15,9,3,536,5,4172.0,235.0
947,460,5,7,3,411,15,8042.0,936.0
948,459,7,7,3,410,15,8042.0,936.0
949,472,7,7,3,423,13,4220.0,945.0
950,344,9,7,3,319,16,1089.0,176.0
951,275,10,7,3,260,11,1818.0,738.0
952,275,10,12,3,260,14,5911.0,2333.0
953,457,10,7,3,408,16,4629.0,1660.0
954,557,13,7,3,482,2,9002.0,4197.0
955,556,14,7,3,419,2,9002.0,4197.0
956,468,6,5,4,419,7,5376.0,1928.0
957,148,18,7,3,143,2,5934.0,1563.0
958,674,18,7,3,566,7,7122.0,1982.0
959,745,18,7,3,610,20,537.0,142.0
960,686,5,12,3,576,9,5994.0,2826.0
961,174,14,12,3,168,3,1931.0,551.0
962,174,14,1,4,168,12,8541.0,2029.0
963,174,14,3,4,168,19,2174.0,265.0
964,482,15,12,3,429,12,5402.0,1666.0
965,676,15,12,3,568,13,3309.0,177.0
966,224,17,12,3,217,3,4027.0,1386.0
967,6,5,4,3,6,10,883.0,117.0
968,6,5,5,4,6,16,8127.0,3551.0
969,467,10,4,3,418,19,6061.0,2121.0
970,191,11,4,3,185,15,7524.0,2308.0
971,191,11,2,4,185,14,6864.0,1824.0
972,746,11,4,3,435,7,5944.0,2661.0
973,491,14,10,5,435,1,5250.0,187.0
974,781,11,4,3,630,4,8531.0,2555.0
975,233,12,4,3,224,13,8649.0,2631.0
976,498,12,4,3,442,2,6829.0,2609.0
977,498,12,9,5,442,12,6390.0,3089.0
978,801,3,11,3,647,8,2082.0,642.0
979,799,8,11,3,645,8,2082.0,642.0
980,800,11,11,3,646,8,2082.0,642.0
981,673,16,11,3,565,8,6034.0,608.0
982,673,16,12,4,565,13,8956.0,3359.0
983,411,3,6,3,378,14,9279.0,552.0
984,411,3,9,4,378,19,2596.0,1003.0
985,387,7,6,3,357,6,2321.0,505.0
986,580,7,6,3,496,13,1638.0,661.0
987,610,7,6,3,520,1,9694.0,4361.0
988,432,8,6,3,392,19,3760.0,1849.0
989,432,8,4,4,392,9,1579.0,602.0
990,430,9,6,3,391,19,3760.0,1849.0
991,430,9,4,4,391,9,1579.0,602.0
992,348,10,6,3,323,1,5343.0,655.0
993,71,12,6,3,70,14,9035.0,1227.0
994,71,12,2,4,70,20,9538.0,3158.0
995,412,12,6,3,379,14,9279.0,552.0
996,412,12,9,4,379,19,2596.0,1003.0
997,507,12,6,3,448,15,4037.0,1494.0
998,72,15,6,3,71,14,9035.0,1227.0
999,72,15,2,4,71,20,9538.0,3158.0
1000,632,1,1,4,534,13,7144.0,192.0
1001,632,1,6,4,534,5,1894.0,275.0
1002,433,2,1,4,393,14,4708.0,696.0
1003,433,2,3,4,393,14,8706.0,3099.0
1004,433,2,6,5,393,17,8089.0,3132.0
1005,667,7,1,4,559,11,851.0,356.0
1006,667,7,11,4,559,16,9090.0,3098.0
1007,127,8,1,4,125,6,8947.0,2807.0
1008,127,8,4,5,125,20,6447.0,3079.0
1009,695,8,1,4,581,20,1454.0,80.0
1010,666,9,1,4,558,11,851.0,356.0
1011,666,9,11,4,558,16,9090.0,3098.0
1012,737,9,1,4,341,3,3436.0,933.0
1013,369,1,10,4,341,18,9144.0,2220.0
1014,384,11,1,4,354,10,2804.0,936.0
1015,575,11,1,4,492,4,8780.0,3430.0
1016,576,11,1,4,493,4,8780.0,3430.0
1017,47,17,1,4,47,5,1591.0,727.0
1018,358,17,1,4,331,17,5666.0,2733.0
1019,711,12,7,5,331,6,8104.0,1039.0
1020,385,17,1,4,355,10,2804.0,936.0
1021,435,17,1,4,395,18,6392.0,444.0
1022,713,11,5,5,395,17,847.0,355.0
1023,640,17,1,4,540,7,2931.0,212.0
1024,639,18,1,4,539,7,2931.0,212.0
1025,286,4,2,4,268,11,6385.0,2656.0
1026,361,4,2,4,334,7,6236.0,2839.0
1027,207,9,2,4,201,4,3423.0,804.0
1028,748,10,2,4,611,18,2258.0,135.0
1029,208,11,2,4,202,4,3423.0,804.0
1030,287,17,2,4,269,11,6385.0,2656.0
1031,206,18,2,4,200,4,3423.0,804.0
1032,8,6,3,4,8,14,2975.0,462.0
1033,550,6,3,4,476,9,8681.0,2458.0
1034,578,6,3,4,495,4,1778.0,285.0
1035,350,15,3,5,495,8,2101.0,287.0
1036,81,13,3,4,80,18,8903.0,4401.0
1037,220,15,3,4,213,15,3522.0,898.0
1038,770,15,3,4,624,15,7870.0,1057.0
1039,794,2,8,4,640,4,526.0,83.0
1040,380,5,8,4,350,20,5632.0,2358.0
1041,718,8,8,4,594,7,5461.0,1214.0
1042,757,10,8,4,616,10,7091.0,2317.0
1043,365,13,8,4,338,1,3024.0,1353.0
1044,382,15,8,4,352,20,5632.0,2358.0
1045,74,4,10,4,73,7,1297.0,600.0
1046,74,4,11,5,73,19,7909.0,1942.0
1047,340,6,10,4,315,5,3977.0,813.0
1048,599,7,10,4,511,18,962.0,298.0
1049,471,9,10,4,422,5,2944.0,249.0
1050,470,13,10,4,421,5,2944.0,249.0
1051,319,1,5,4,298,18,6200.0,2321.0
1052,200,4,5,4,194,11,6864.0,3275.0
1053,200,4,2,5,194,19,9057.0,1888.0
1054,200,4,4,5,194,13,9200.0,809.0
1055,318,5,5,4,297,18,6200.0,2321.0
1056,409,5,5,4,376,18,5412.0,1192.0
1057,11,8,5,4,11,2,7201.0,2685.0
1058,11,8,9,4,11,6,725.0,133.0
1059,400,9,5,4,368,4,9024.0,730.0
1060,400,9,4,4,368,4,2468.0,418.0
1061,408,10,5,4,375,18,5412.0,1192.0
1062,596,12,5,4,509,16,7067.0,1943.0
1063,583,2,9,4,498,4,8979.0,4477.0
1064,708,5,9,4,589,16,3265.0,1390.0
1065,353,1,7,4,326,4,3665.0,802.0
1066,539,9,7,4,469,1,7806.0,1127.0
1067,265,10,7,4,252,20,9386.0,2555.0
1068,314,16,7,4,293,1,2542.0,190.0
1069,152,15,7,4,147,8,4957.0,1152.0
1070,266,15,7,4,118,20,9386.0,2555.0
1071,120,7,2,5,118,9,9548.0,1806.0
1072,120,7,9,5,118,3,7472.0,1037.0
1073,354,17,7,4,327,4,3665.0,802.0
1074,629,17,7,4,532,6,2062.0,848.0
1075,476,3,12,4,424,10,2727.0,543.0
1076,476,3,11,4,424,4,599.0,265.0
1077,477,8,12,4,425,10,2727.0,543.0
1078,477,8,11,4,425,4,599.0,265.0
1079,22,10,12,4,22,11,5011.0,866.0
1080,22,10,11,4,22,12,4051.0,1848.0
1081,23,14,12,4,23,11,5011.0,866.0
1082,23,14,11,4,23,12,4051.0,1848.0
1083,240,18,12,4,230,2,9640.0,2606.0
1084,721,18,12,4,597,3,611.0,300.0
1085,773,2,4,4,625,12,7992.0,893.0
1086,194,3,4,4,188,4,7333.0,1576.0
1087,690,6,4,4,578,14,5954.0,2640.0
1088,784,9,4,4,633,6,2553.0,907.0
1089,607,10,4,4,518,8,3918.0,749.0
1090,660,10,4,4,552,6,4057.0,1012.0
1091,84,11,4,4,83,11,706.0,197.0
1092,330,12,4,4,307,3,4688.0,1841.0
1093,229,1,11,4,177,17,6008.0,2498.0
1094,183,15,6,5,177,14,2666.0,559.0
1095,584,1,11,4,499,8,2727.0,663.0
1096,514,2,11,4,451,3,1078.0,309.0
1097,343,10,11,4,318,15,8994.0,1481.0
1098,565,10,2,5,318,5,2472.0,211.0
1099,270,11,11,4,255,20,6707.0,1041.0
1100,63,12,11,4,63,19,4358.0,526.0
1101,63,12,11,4,63,8,6459.0,825.0
1102,513,15,11,4,450,3,1078.0,309.0
1103,93,3,6,4,92,16,9820.0,793.0
1104,371,5,6,4,343,18,4046.0,417.0
1105,371,5,8,5,343,11,7169.0,2385.0
1106,242,7,6,4,232,13,7930.0,1981.0
1107,363,17,6,4,336,8,5410.0,2456.0
1108,401,4,1,5,369,4,9438.0,1801.0
1109,679,4,1,5,570,14,4163.0,897.0
1110,520,5,1,5,455,11,9335.0,557.0
1111,694,6,1,5,580,15,5335.0,322.0
1112,754,7,1,5,614,15,3560.0,1335.0
1113,402,11,1,5,370,4,9438.0,1801.0
1114,424,11,1,5,386,13,2858.0,482.0
1115,678,15,1,5,569,14,4163.0,897.0
1116,568,17,1,5,487,19,1010.0,58.0
1117,469,1,2,5,420,8,2792.0,1008.0
1118,683,7,2,5,574,11,762.0,92.0
1119,94,9,2,5,93,20,4441.0,281.0
1120,94,9,10,5,93,8,8563.0,2624.0
1121,643,12,2,5,543,13,9215.0,767.0
1122,397,17,2,5,365,18,2239.0,1094.0
1123,397,17,7,5,365,1,4932.0,1153.0
1124,642,17,2,5,542,13,9215.0,767.0
1125,671,1,3,5,563,3,2386.0,999.0
1126,98,2,3,5,97,7,8793.0,3010.0
1127,98,2,5,5,97,1,6903.0,105.0
1128,758,2,3,5,617,8,2101.0,287.0
1129,285,3,3,5,267,13,9751.0,2459.0
1130,231,4,3,5,222,20,6932.0,3218.0
1131,271,7,3,5,256,13,7633.0,184.0
1132,535,11,3,5,466,6,1083.0,501.0
1133,558,13,3,5,483,19,7105.0,2782.0
1134,34,1,8,5,33,12,7811.0,1538.0
1135,720,3,8,5,596,1,6087.0,3043.0
1136,176,5,8,5,170,1,2119.0,196.0
1137,373,6,8,5,345,5,5448.0,2204.0
1138,487,6,8,5,432,8,6622.0,2673.0
1139,182,9,8,5,176,18,5322.0,1423.0
1140,88,11,8,5,87,11,770.0,241.0
1141,390,11,8,5,359,12,7441.0,867.0
1142,89,14,8,5,88,11,770.0,241.0
1143,638,15,8,5,538,8,6265.0,155.0
1144,337,17,8,5,312,6,4314.0,1453.0
1145,17,6,10,5,17,20,5219.0,1180.0
1146,243,10,10,5,233,1,9894.0,829.0
1147,243,10,5,5,233,4,4534.0,2235.0
1148,455,6,11,5,233,18,6077.0,2378.0
1149,492,16,10,5,436,1,5250.0,187.0
1150,712,3,5,5,592,17,847.0,355.0
1151,136,9,5,5,132,10,7421.0,958.0
1152,134,16,5,5,131,10,7421.0,958.0
1153,237,4,9,5,227,9,9845.0,3062.0
1154,606,6,9,5,517,9,3228.0,476.0
1155,428,17,9,5,389,9,4468.0,1940.0
1156,710,1,7,5,591,6,8104.0,1039.0
1157,717,6,11,5,591,12,9498.0,256.0
1158,125,3,7,5,123,16,9965.0,3033.0
1159,406,3,7,5,373,7,7195.0,1665.0
1160,709,4,7,5,590,6,8104.0,1039.0
1161,777,4,7,5,627,3,8044.0,3634.0
1162,405,8,7,5,372,7,7195.0,1665.0
1163,359,9,7,5,332,18,4171.0,1450.0
1164,723,11,7,5,599,18,9909.0,2999.0
1165,124,12,7,5,122,16,9965.0,3033.0
1166,722,15,7,5,598,18,9909.0,2999.0
1167,305,17,7,5,285,3,4202.0,1171.0
1168,303,18,7,5,283,3,4202.0,1171.0
1169,729,5,12,5,600,5,1476.0,247.0
1170,65,6,12,5,65,12,2478.0,92.0
1171,90,8,12,5,89,20,9895.0,1598.0
1172,166,8,12,5,161,5,1033.0,254.0
1173,230,9,12,5,221,20,7344.0,2598.0
1174,697,9,12,5,583,19,6724.0,1539.0
1175,730,10,12,5,601,5,1476.0,247.0
1176,407,11,12,5,374,18,3098.0,957.0
1177,64,12,12,5,64,12,2478.0,92.0
1178,66,12,12,5,66,12,2478.0,92.0
1179,696,12,12,5,582,19,6724.0,1539.0
1180,67,15,12,5,67,12,2478.0,92.0
1181,779,17,12,5,628,16,7417.0,1334.0
1182,223,7,4,5,216,8,4462.0,121.0
1183,223,7,11,5,216,17,6212.0,1881.0
1184,601,11,4,5,513,6,2078.0,612.0
1185,688,13,4,5,577,19,3854.0,245.0
1186,684,14,4,5,575,6,3316.0,126.0
1187,631,6,11,5,533,6,4026.0,163.0
1188,332,13,11,5,308,4,7900.0,482.0
1189,506,17,11,5,447,9,702.0,238.0
1190,654,17,11,5,549,2,1992.0,355.0
1191,716,18,11,5,593,12,9498.0,256.0
1192,211,7,6,5,204,9,3900.0,115.0
1193,545,10,6,5,472,6,8858.0,3394.0
1194,291,18,6,5,273,18,7497.0,319.0
