order_item_id,order_pk,product_id,quantity,amount,profit
1,1,1,5,9726.0,1275.0
2,4,1,12,6962.0,3429.0
3,6,1,15,3953.0,1776.0
4,7,1,20,3409.0,1605.0
5,15,1,5,9726.0,1275.0
6,20,1,15,3953.0,1776.0
7,30,1,5,9726.0,1275.0
8,39,1,9,1689.0,109.0
9,42,1,17,4628.0,1491.0
10,50,1,2,2684.0,713.0
11,59,1,17,7856.0,3699.0
12,96,1,3,4307.0,615.0
13,97,1,2,2684.0,713.0
14,109,1,3,4307.0,615.0
15,118,1,11,8568.0,2419.0
16,119,1,20,2109.0,681.0
17,122,1,17,4628.0,1491.0
18,134,1,12,6962.0,3429.0
19,138,1,2,2684.0,713.0
20,169,1,5,2539.0,324.0
21,178,1,15,3953.0,1776.0
22,179,1,20,3409.0,1605.0
23,184,1,7,9770.0,4132.0
24,212,1,3,7493.0,96.0
25,217,1,20,3409.0,1605.0
26,219,1,20,1031.0,318.0
27,223,1,18,6471.0,2842.0
28,225,1,20,3409.0,1605.0
29,236,1,20,2565.0,983.0
30,239,1,7,7344.0,2251.0
31,245,1,13,5266.0,1111.0
32,255,1,19,9851.0,2669.0
33,279,1,19,9851.0,2669.0
34,285,1,3,8706.0,1724.0
35,320,1,7,9073.0,424.0
36,324,1,1,6934.0,1226.0
37,342,1,19,7213.0,508.0
38,348,1,15,9952.0,3301.0
39,350,1,6,4074.0,1175.0
40,357,1,13,1564.0,674.0
41,367,1,3,1281.0,340.0
42,370,1,15,6355.0,1335.0
43,371,1,15,6355.0,1335.0
44,373,1,13,5266.0,1111.0
45,380,1,5,7699.0,246.0
46,399,1,10,6435.0,334.0
47,429,1,1,6934.0,1226.0
48,430,1,19,7213.0,508.0
49,440,1,19,9851.0,2669.0
50,449,1,18,8962.0,2444.0
51,468,1,18,8962.0,2444.0
52,509,1,4,9438.0,1801.0
53,510,1,14,4163.0,897.0
54,519,1,11,9335.0,557.0
55,530,1,15,5335.0,322.0
56,532,1,15,3560.0,1335.0
57,540,1,14,4163.0,897.0
58,542,1,15,3560.0,1335.0
59,548,1,4,7690.0,1134.0
60,552,1,8,9229.0,4090.0
61,580,1,4,9438.0,1801.0
62,582,1,13,2858.0,482.0
63,588,1,12,5122.0,2413.0
64,594,1,17,4382.0,482.0
65,624,1,15,6379.0,3128.0
66,641,1,14,4163.0,897.0
67,643,1,2,2483.0,236.0
68,652,1,19,1010.0,58.0
69,675,1,13,7144.0,192.0
70,679,1,6,5714.0,1438.0
71,682,1,14,4708.0,696.0
72,750,1,5,1591.0,727.0
73,760,1,11,851.0,356.0
74,764,1,6,8947.0,2807.0
75,771,1,20,1454.0,80.0
76,785,1,11,851.0,356.0
77,787,1,3,3436.0,933.0
78,814,1,10,2804.0,936.0
79,815,1,4,8780.0,3430.0
80,816,1,4,8780.0,3430.0
81,849,1,5,1591.0,727.0
82,851,1,12,8541.0,2029.0
83,869,1,14,6184.0,50.0
84,874,1,5,1591.0,727.0
85,880,1,17,5666.0,2733.0
86,882,1,10,2804.0,936.0
87,883,1,10,2804.0,936.0
88,884,1,14,6184.0,50.0
89,885,1,18,6392.0,444.0
90,887,1,7,2931.0,212.0
91,894,1,7,2931.0,212.0
92,901,1,15,8590.0,3565.0
93,934,1,18,6499.0,2189.0
94,949,1,18,6499.0,2189.0
95,951,1,16,1262.0,515.0
96,966,1,16,1262.0,515.0
97,980,1,19,7643.0,3720.0
98,993,1,20,8020.0,3898.0
99,1003,1,17,4206.0,1821.0
100,1010,1,9,3776.0,1100.0
101,1041,1,17,1366.0,242.0
102,1052,1,16,7748.0,1706.0
103,1087,1,10,9707.0,3483.0
104,1092,1,9,3776.0,1100.0
105,1,2,14,4975.0,1330.0
106,3,2,17,7759.0,3741.0
107,5,2,19,7702.0,60.0
108,15,2,14,4975.0,1330.0
109,21,2,1,2239.0,828.0
110,30,2,14,4975.0,1330.0
111,35,2,12,7131.0,718.0
112,52,2,5,5105.0,465.0
113,61,2,8,4609.0,1084.0
114,71,2,18,2504.0,440.0
115,72,2,1,2239.0,828.0
116,88,2,11,2701.0,322.0
117,101,2,10,4569.0,1693.0
118,128,2,12,9399.0,1949.0
119,131,2,5,9683.0,1014.0
120,133,2,17,7759.0,3741.0
121,144,2,5,9683.0,1014.0
122,147,2,19,1518.0,159.0
123,158,2,5,9683.0,1014.0
124,177,2,15,6351.0,986.0
125,183,2,15,6351.0,986.0
126,191,2,5,9683.0,1014.0
127,198,2,19,6669.0,3063.0
128,216,2,12,7131.0,718.0
129,246,2,3,9382.0,1085.0
130,262,2,12,9869.0,4299.0
131,284,2,7,4734.0,958.0
132,286,2,19,5916.0,1594.0
133,287,2,19,5916.0,1594.0
134,289,2,6,9369.0,3297.0
135,307,2,6,9369.0,3297.0
136,328,2,3,9382.0,1085.0
137,356,2,2,9562.0,325.0
138,359,2,12,9869.0,4299.0
139,372,2,15,7377.0,320.0
140,374,2,12,5462.0,673.0
141,379,2,11,9840.0,3870.0
142,392,2,7,5313.0,2037.0
143,394,2,18,8422.0,893.0
144,399,2,18,4948.0,2356.0
145,406,2,7,5313.0,2037.0
146,422,2,18,8422.0,893.0
147,463,2,13,6017.0,2230.0
148,475,2,8,2792.0,1008.0
149,476,2,10,5832.0,2588.0
150,479,2,18,3333.0,700.0
151,505,2,19,9057.0,1888.0
152,535,2,9,9548.0,1806.0
153,541,2,11,762.0,92.0
154,556,2,20,4441.0,281.0
155,573,2,5,2472.0,211.0
156,600,2,13,9215.0,767.0
157,619,2,17,5379.0,2510.0
158,649,2,18,2239.0,1094.0
159,654,2,13,9215.0,767.0
160,676,2,18,2258.0,135.0
161,678,2,14,5167.0,253.0
162,699,2,17,1093.0,397.0
163,710,2,11,6385.0,2656.0
164,711,2,7,6236.0,2839.0
165,714,2,20,8680.0,4068.0
166,719,2,4,3574.0,851.0
167,744,2,20,8680.0,4068.0
168,755,2,7,6236.0,2839.0
169,756,2,10,8059.0,1834.0
170,757,2,10,8059.0,1834.0
171,777,2,4,3423.0,804.0
172,778,2,4,3423.0,804.0
173,798,2,10,8059.0,1834.0
174,802,2,18,2258.0,135.0
175,807,2,14,6864.0,1824.0
176,809,2,4,3423.0,804.0
177,818,2,20,9538.0,3158.0
178,819,2,14,5167.0,253.0
179,831,2,14,5167.0,253.0
180,844,2,17,1093.0,397.0
181,853,2,4,3423.0,804.0
182,861,2,20,9538.0,3158.0
183,878,2,11,6385.0,2656.0
184,888,2,4,3423.0,804.0
185,893,2,17,1093.0,397.0
186,900,2,7,9884.0,4446.0
187,909,2,2,6252.0,1377.0
188,922,2,13,7967.0,2504.0
189,946,2,3,2737.0,1253.0
190,947,2,16,8974.0,4441.0
191,976,2,20,523.0,95.0
192,978,2,7,5457.0,1765.0
193,981,2,19,4591.0,1941.0
194,982,2,18,6488.0,1591.0
195,1033,2,18,6488.0,1591.0
196,1035,2,5,5151.0,1680.0
197,1037,2,15,1156.0,74.0
198,1061,2,13,1860.0,457.0
199,1068,2,13,7967.0,2504.0
200,2,12,7,8586.0,3826.0
201,32,12,1,1126.0,55.0
202,34,12,20,1085.0,301.0
203,46,12,17,1496.0,662.0
204,53,12,14,7826.0,1221.0
205,69,12,14,7826.0,1221.0
206,79,12,5,3659.0,379.0
207,80,12,10,2401.0,1163.0
208,89,12,7,1486.0,114.0
209,108,12,10,5354.0,743.0
210,126,12,10,2401.0,1163.0
211,129,12,17,1496.0,662.0
212,132,12,14,7826.0,1221.0
213,135,12,9,1368.0,406.0
214,139,12,19,3084.0,611.0
215,167,12,19,9574.0,4045.0
216,175,12,3,3518.0,1051.0
217,204,12,7,1486.0,114.0
218,210,12,10,2401.0,1163.0
219,213,12,1,1126.0,55.0
220,215,12,7,8586.0,3826.0
221,258,12,20,531.0,189.0
222,278,12,15,6940.0,253.0
223,281,12,16,3083.0,1151.0
224,299,12,15,2695.0,914.0
225,304,12,12,2137.0,638.0
226,326,12,18,9789.0,2071.0
227,337,12,5,9752.0,3618.0
228,363,12,9,6093.0,3042.0
229,377,12,19,6586.0,1794.0
230,388,12,8,4539.0,1155.0
231,396,12,9,6093.0,3042.0
232,465,12,15,2695.0,914.0
233,466,12,5,9752.0,3618.0
234,467,12,9,3129.0,55.0
235,520,12,5,1476.0,247.0
236,522,12,12,2478.0,92.0
237,525,12,3,4395.0,1663.0
238,539,12,6,535.0,72.0
239,545,12,20,9895.0,1598.0
240,547,12,5,1033.0,254.0
241,561,12,20,7344.0,2598.0
242,563,12,13,4007.0,201.0
243,565,12,19,6724.0,1539.0
244,570,12,19,6248.0,1168.0
245,574,12,5,1476.0,247.0
246,581,12,18,3098.0,957.0
247,589,12,12,2478.0,92.0
248,590,12,12,2478.0,92.0
249,601,12,19,6724.0,1539.0
250,618,12,13,4007.0,201.0
251,626,12,17,6967.0,3257.0
252,633,12,12,2478.0,92.0
253,635,12,12,3927.0,1133.0
254,637,12,19,6248.0,1168.0
255,656,12,16,7417.0,1334.0
256,681,12,10,4985.0,1920.0
257,698,12,10,2727.0,543.0
258,700,12,14,2995.0,220.0
259,754,12,10,4985.0,1920.0
260,768,12,10,2727.0,543.0
261,789,12,11,5011.0,866.0
262,791,12,19,622.0,218.0
263,826,12,19,8218.0,1430.0
264,828,12,8,6105.0,1447.0
265,836,12,13,8956.0,3359.0
266,846,12,8,6105.0,1447.0
267,848,12,11,5011.0,866.0
268,889,12,2,9640.0,2606.0
269,895,12,3,611.0,300.0
270,915,12,15,5234.0,2021.0
271,921,12,19,6732.0,911.0
272,928,12,15,6187.0,2344.0
273,940,12,9,5994.0,2826.0
274,948,12,9,5994.0,2826.0
275,950,12,15,9078.0,2213.0
276,983,12,11,6449.0,2628.0
277,995,12,14,5911.0,2333.0
278,1021,12,14,5911.0,2333.0
279,1029,12,9,5994.0,2826.0
280,1050,12,3,1931.0,551.0
281,1067,12,12,5402.0,1666.0
282,1071,12,13,3309.0,177.0
283,1077,12,3,4027.0,1386.0
284,1078,12,11,6449.0,2628.0
285,1080,12,18,810.0,231.0
286,1088,12,15,5234.0,2021.0
287,1093,12,4,4863.0,2394.0
288,8,11,2,5449.0,2389.0
289,12,11,3,5427.0,728.0
290,16,11,7,6009.0,2107.0
291,22,11,14,5152.0,2045.0
292,25,11,15,7484.0,2871.0
293,56,11,9,9536.0,1437.0
294,64,11,15,7484.0,2871.0
295,68,11,17,2863.0,205.0
296,73,11,14,5152.0,2045.0
297,84,11,6,992.0,177.0
298,103,11,14,5152.0,2045.0
299,112,11,11,9380.0,414.0
300,113,11,17,2863.0,205.0
301,121,11,14,5152.0,2045.0
302,136,11,20,5900.0,1738.0
303,161,11,7,6009.0,2107.0
304,171,11,13,7838.0,1142.0
305,193,11,16,3273.0,85.0
306,201,11,17,2863.0,205.0
307,207,11,18,2685.0,379.0
308,218,11,18,2685.0,379.0
309,220,11,7,4918.0,1485.0
310,224,11,10,6671.0,2797.0
311,244,11,4,2450.0,1002.0
312,254,11,11,2750.0,1239.0
313,258,11,20,4911.0,186.0
314,264,11,10,798.0,308.0
315,271,11,9,6528.0,76.0
316,296,11,16,3124.0,138.0
317,297,11,4,2450.0,1002.0
318,298,11,11,1045.0,267.0
319,303,11,6,7122.0,1836.0
320,316,11,6,7644.0,2428.0
321,332,11,11,1045.0,267.0
322,343,11,6,7122.0,1836.0
323,361,11,6,7566.0,606.0
324,405,11,6,7122.0,1836.0
325,418,11,5,8400.0,267.0
326,423,11,6,7566.0,606.0
327,428,11,19,7664.0,1753.0
328,432,11,13,8158.0,2052.0
329,439,11,11,2750.0,1239.0
330,443,11,9,2776.0,887.0
331,445,11,10,798.0,308.0
332,446,11,11,1045.0,267.0
333,453,11,1,8762.0,3502.0
334,481,11,1,8346.0,1176.0
335,492,11,7,2521.0,906.0
336,493,11,1,2962.0,1470.0
337,503,11,19,7909.0,1942.0
338,526,11,18,6077.0,2378.0
339,529,11,6,4026.0,163.0
340,531,11,12,9498.0,256.0
341,537,11,17,6212.0,1881.0
342,571,11,11,4164.0,905.0
343,592,11,1,8346.0,1176.0
344,606,11,1,8346.0,1176.0
345,617,11,4,7900.0,482.0
346,645,11,1,2962.0,1470.0
347,651,11,9,702.0,238.0
348,655,11,2,1992.0,355.0
349,660,11,12,9498.0,256.0
350,666,11,17,6008.0,2498.0
351,674,11,8,2727.0,663.0
352,683,11,3,1078.0,309.0
353,697,11,8,2280.0,509.0
354,698,11,4,599.0,265.0
355,716,11,3,1843.0,248.0
356,749,11,3,8490.0,3485.0
357,760,11,16,9090.0,3098.0
358,768,11,4,599.0,265.0
359,773,11,19,4358.0,526.0
360,773,11,8,6459.0,825.0
361,776,11,12,3297.0,102.0
362,785,11,16,9090.0,3098.0
363,789,11,12,4051.0,1848.0
364,795,11,15,8994.0,1481.0
365,808,11,12,3297.0,102.0
366,811,11,20,6707.0,1041.0
367,817,11,19,4358.0,526.0
368,817,11,8,6459.0,825.0
369,820,11,18,3944.0,1559.0
370,821,11,6,9300.0,3146.0
371,848,11,12,4051.0,1848.0
372,852,11,12,3297.0,102.0
373,854,11,6,992.0,64.0
374,860,11,3,1843.0,248.0
375,871,11,3,1078.0,309.0
376,906,11,6,2850.0,904.0
377,914,11,6,2850.0,904.0
378,925,11,8,2082.0,642.0
379,927,11,1,5442.0,1610.0
380,968,11,10,8055.0,661.0
381,974,11,8,2082.0,642.0
382,989,11,9,4544.0,1726.0
383,999,11,10,8055.0,661.0
384,1001,11,1,7163.0,1536.0
385,1015,11,8,2082.0,642.0
386,1036,11,11,7478.0,1381.0
387,1040,11,8,6034.0,608.0
388,1081,11,10,8055.0,661.0
389,9,3,4,2349.0,319.0
390,17,3,6,8204.0,2382.0
391,19,3,20,6016.0,431.0
392,36,3,6,8204.0,2382.0
393,75,3,2,9808.0,2117.0
394,81,3,14,3411.0,1704.0
395,83,3,10,8178.0,2462.0
396,98,3,10,7600.0,1098.0
397,104,3,7,916.0,362.0
398,124,3,8,2514.0,95.0
399,125,3,8,8468.0,3666.0
400,149,3,18,1755.0,495.0
401,156,3,8,2740.0,558.0
402,162,3,5,1167.0,463.0
403,173,3,7,916.0,362.0
404,196,3,8,2740.0,558.0
405,231,3,12,1525.0,185.0
406,238,3,17,5831.0,1574.0
407,243,3,9,3137.0,571.0
408,249,3,16,2957.0,917.0
409,261,3,12,9084.0,3253.0
410,267,3,7,5470.0,292.0
411,274,3,12,1525.0,185.0
412,283,3,9,4853.0,1764.0
413,291,3,10,1603.0,361.0
414,294,3,8,914.0,400.0
415,314,3,4,4183.0,1159.0
416,318,3,20,9992.0,3696.0
417,319,3,20,9992.0,3696.0
418,321,3,9,8856.0,2020.0
419,335,3,7,5470.0,292.0
420,336,3,20,2284.0,149.0
421,341,3,12,3956.0,142.0
422,345,3,6,6147.0,2526.0
423,346,3,2,4904.0,469.0
424,358,3,17,5831.0,1574.0
425,362,3,9,8848.0,2090.0
426,366,3,20,9992.0,3696.0
427,381,3,20,3686.0,760.0
428,390,3,17,5831.0,1574.0
429,404,3,9,4853.0,1764.0
430,411,3,20,3686.0,760.0
431,412,3,17,4404.0,858.0
432,438,3,10,1603.0,361.0
433,441,3,9,8856.0,2020.0
434,451,3,12,3956.0,142.0
435,473,3,19,5024.0,1544.0
436,477,3,3,2386.0,999.0
437,480,3,7,8793.0,3010.0
438,490,3,8,2101.0,287.0
439,496,3,13,9751.0,2459.0
440,501,3,11,9337.0,554.0
441,507,3,20,6932.0,3218.0
442,538,3,13,7633.0,184.0
443,569,3,18,975.0,224.0
444,583,3,6,1083.0,501.0
445,588,3,3,5591.0,1696.0
446,596,3,1,9832.0,1270.0
447,607,3,12,9704.0,4339.0
448,621,3,19,7105.0,2782.0
449,636,3,8,2101.0,287.0
450,661,3,1,2025.0,528.0
451,680,3,1,3022.0,384.0
452,682,3,14,8706.0,3099.0
453,694,3,3,1379.0,250.0
454,721,3,15,3522.0,898.0
455,722,3,6,6934.0,1152.0
456,731,3,14,2975.0,462.0
457,732,3,16,2588.0,705.0
458,735,3,9,907.0,391.0
459,743,3,9,8681.0,2458.0
460,745,3,4,1778.0,285.0
461,751,3,1,3731.0,647.0
462,752,3,1,9849.0,963.0
463,779,3,17,9612.0,2572.0
464,810,3,6,6934.0,1152.0
465,812,3,1,3022.0,384.0
466,813,3,13,4369.0,584.0
467,820,3,12,6711.0,1045.0
468,823,3,15,796.0,153.0
469,837,3,15,7870.0,1057.0
470,838,3,18,8903.0,4401.0
471,851,3,19,2174.0,265.0
472,865,3,15,3522.0,898.0
473,872,3,15,7870.0,1057.0
474,892,3,13,4369.0,584.0
475,911,3,19,8639.0,3104.0
476,921,3,14,4495.0,1408.0
477,929,3,3,1165.0,51.0
478,930,3,15,1626.0,258.0
479,944,3,1,8490.0,800.0
480,953,3,3,3288.0,1477.0
481,965,3,5,7626.0,229.0
482,968,3,7,3573.0,562.0
483,969,3,6,3283.0,71.0
484,979,3,17,9905.0,633.0
485,992,3,17,1574.0,258.0
486,999,3,7,3573.0,562.0
487,1008,3,3,3288.0,1477.0
488,1012,3,2,3095.0,941.0
489,1020,3,13,1248.0,584.0
490,1024,3,11,2589.0,605.0
491,1039,3,9,670.0,85.0
492,1042,3,13,1248.0,584.0
493,1047,3,5,7626.0,229.0
494,1051,3,12,736.0,286.0
495,1053,3,15,972.0,106.0
496,1059,3,19,8639.0,3104.0
497,1066,3,11,2589.0,605.0
498,1070,3,2,3095.0,941.0
499,1076,3,17,9905.0,633.0
500,1081,3,7,3573.0,562.0
501,1084,3,8,782.0,374.0
502,1093,3,16,5165.0,885.0
503,9,6,14,8220.0,3882.0
504,40,6,1,697.0,116.0
505,86,6,19,2516.0,734.0
506,104,6,12,7846.0,677.0
507,150,6,12,7957.0,2834.0
508,152,6,17,1133.0,73.0
509,173,6,12,7846.0,677.0
510,180,6,1,697.0,116.0
511,194,6,8,5393.0,2642.0
512,202,6,10,1757.0,622.0
513,206,6,17,1133.0,73.0
514,207,6,14,9916.0,4602.0
515,218,6,14,9916.0,4602.0
516,221,6,10,1757.0,622.0
517,237,6,7,2379.0,279.0
518,256,6,2,738.0,342.0
519,290,6,18,5317.0,1345.0
520,292,6,4,7595.0,2873.0
521,300,6,2,738.0,342.0
522,301,6,13,9827.0,4208.0
523,304,6,12,2831.0,1289.0
524,305,6,15,4015.0,1751.0
525,306,6,16,3877.0,481.0
526,317,6,4,7595.0,2873.0
527,325,6,14,2346.0,388.0
528,330,6,14,4441.0,314.0
529,333,6,16,3877.0,481.0
530,340,6,17,8943.0,3121.0
531,355,6,14,2346.0,388.0
532,368,6,17,8943.0,3121.0
533,391,6,15,4015.0,1751.0
534,393,6,18,5317.0,1345.0
535,415,6,14,4215.0,432.0
536,417,6,18,5317.0,1345.0
537,425,6,2,738.0,342.0
538,426,6,2,738.0,342.0
539,427,6,17,8943.0,3121.0
540,454,6,14,9132.0,3096.0
541,455,6,9,1146.0,188.0
542,459,6,14,2346.0,388.0
543,471,6,2,5035.0,2008.0
544,487,6,17,8089.0,3132.0
545,489,6,2,5014.0,2332.0
546,497,6,6,2895.0,104.0
547,502,6,3,8636.0,3192.0
548,517,6,4,6145.0,1414.0
549,536,6,9,3900.0,115.0
550,572,6,6,8858.0,3394.0
551,597,6,7,883.0,127.0
552,604,6,3,8636.0,3192.0
553,612,6,6,2895.0,104.0
554,634,6,14,2666.0,559.0
555,658,6,18,7497.0,319.0
556,675,6,5,1894.0,275.0
557,690,6,16,9820.0,793.0
558,724,6,8,5410.0,2456.0
559,726,6,18,4046.0,417.0
560,740,6,11,1397.0,686.0
561,751,6,1,3428.0,350.0
562,753,6,13,7930.0,1981.0
563,800,6,1,7895.0,1005.0
564,830,6,16,5224.0,1958.0
565,858,6,1,7895.0,1005.0
566,866,6,13,7930.0,1981.0
567,881,6,8,5410.0,2456.0
568,919,6,9,6109.0,3040.0
569,920,6,14,9279.0,552.0
570,945,6,5,5694.0,1134.0
571,954,6,6,2321.0,505.0
572,959,6,13,1638.0,661.0
573,962,6,5,5694.0,1134.0
574,963,6,1,9694.0,4361.0
575,971,6,9,6109.0,3040.0
576,973,6,19,3760.0,1849.0
577,987,6,19,3760.0,1849.0
578,996,6,1,5343.0,655.0
579,1016,6,14,9035.0,1227.0
580,1023,6,14,9279.0,552.0
581,1026,6,15,4037.0,1494.0
582,1055,6,19,3760.0,1849.0
583,1056,6,19,3760.0,1849.0
584,1060,6,14,9035.0,1227.0
585,1074,6,2,9730.0,2341.0
586,9,7,4,7377.0,2049.0
587,13,7,15,7019.0,2677.0
588,28,7,3,3451.0,658.0
589,29,7,13,914.0,163.0
590,38,7,12,1290.0,204.0
591,41,7,5,8102.0,1800.0
592,48,7,16,5338.0,1354.0
593,49,7,16,5338.0,1354.0
594,66,7,16,5338.0,1354.0
595,87,7,4,3808.0,1192.0
596,106,7,5,7434.0,2851.0
597,111,7,19,9272.0,1771.0
598,127,7,13,8537.0,3586.0
599,141,7,19,9272.0,1771.0
600,163,7,1,5196.0,2477.0
601,165,7,12,7784.0,2937.0
602,168,7,12,1290.0,204.0
603,172,7,5,8102.0,1800.0
604,181,7,16,9406.0,1137.0
605,187,7,6,6584.0,371.0
606,192,7,20,6381.0,2763.0
607,197,7,5,9775.0,4507.0
608,205,7,5,8102.0,1800.0
609,209,7,6,6584.0,371.0
610,229,7,16,5338.0,1354.0
611,233,7,13,8850.0,279.0
612,234,7,16,7521.0,3457.0
613,248,7,16,8769.0,3178.0
614,263,7,4,655.0,297.0
615,266,7,5,2047.0,914.0
616,275,7,1,6851.0,2812.0
617,286,7,19,6402.0,2770.0
618,287,7,19,6402.0,2770.0
619,288,7,4,655.0,297.0
620,313,7,20,6956.0,318.0
621,327,7,18,8141.0,3968.0
622,339,7,16,7521.0,3457.0
623,384,7,18,2465.0,699.0
624,444,7,8,4548.0,2135.0
625,452,7,8,4548.0,2135.0
626,460,7,18,8141.0,3968.0
627,478,7,6,8104.0,1039.0
628,491,7,16,9965.0,3033.0
629,498,7,7,7195.0,1665.0
630,511,7,6,8104.0,1039.0
631,512,7,3,8044.0,3634.0
632,549,7,18,6255.0,437.0
633,550,7,3,4202.0,1171.0
634,551,7,7,7195.0,1665.0
635,562,7,18,4171.0,1450.0
636,575,7,3,8044.0,3634.0
637,586,7,18,9909.0,2999.0
638,593,7,16,9965.0,3033.0
639,602,7,6,8104.0,1039.0
640,605,7,18,7380.0,1673.0
641,613,7,3,4202.0,1171.0
642,642,7,18,9909.0,2999.0
643,646,7,3,4202.0,1171.0
644,649,7,1,4932.0,1153.0
645,659,7,3,4202.0,1171.0
646,663,7,20,3234.0,1029.0
647,669,7,4,3665.0,802.0
648,686,7,5,3747.0,410.0
649,702,7,5,3747.0,410.0
650,706,7,13,9691.0,3056.0
651,717,7,20,1801.0,641.0
652,718,7,13,9691.0,3056.0
653,729,7,5,3747.0,410.0
654,738,7,15,7327.0,2596.0
655,759,7,5,3747.0,410.0
656,765,7,5,3348.0,568.0
657,775,7,13,9691.0,3056.0
658,780,7,15,7327.0,2596.0
659,784,7,1,7806.0,1127.0
660,792,7,20,9386.0,2555.0
661,797,7,19,8861.0,3381.0
662,830,7,11,5002.0,1801.0
663,833,7,1,2542.0,190.0
664,834,7,15,7327.0,2596.0
665,839,7,13,1518.0,155.0
666,845,7,5,3747.0,410.0
667,859,7,3,6123.0,1686.0
668,862,7,8,4957.0,1152.0
669,863,7,5,3348.0,568.0
670,867,7,20,9386.0,2555.0
671,879,7,4,3665.0,802.0
672,886,7,6,2062.0,848.0
673,913,7,10,4200.0,855.0
674,923,7,19,6673.0,950.0
675,937,7,15,8042.0,936.0
676,941,7,18,4699.0,625.0
677,955,7,15,8042.0,936.0
678,956,7,13,4220.0,945.0
679,978,7,2,3479.0,1087.0
680,985,7,16,1089.0,176.0
681,995,7,11,1818.0,738.0
682,997,7,16,4629.0,1660.0
683,1007,7,12,2054.0,371.0
684,1020,7,14,3669.0,154.0
685,1021,7,11,1818.0,738.0
686,1042,7,14,3669.0,154.0
687,1043,7,11,838.0,271.0
688,1044,7,2,9002.0,4197.0
689,1057,7,2,9002.0,4197.0
690,1075,7,10,4200.0,855.0
691,1086,7,2,5934.0,1563.0
692,1089,7,11,838.0,271.0
693,1091,7,13,4220.0,945.0
694,1095,7,7,7122.0,1982.0
695,1098,7,20,537.0,142.0
696,10,8,17,508.0,177.0
697,16,8,18,5846.0,586.0
698,37,8,16,1314.0,490.0
699,44,8,17,508.0,177.0
700,45,8,10,6951.0,164.0
701,57,8,4,8383.0,937.0
702,60,8,1,4115.0,1285.0
703,63,8,17,508.0,177.0
704,70,8,13,576.0,76.0
705,91,8,17,8982.0,448.0
706,93,8,5,1388.0,345.0
707,94,8,17,508.0,177.0
708,104,8,20,1165.0,302.0
709,116,8,3,1523.0,234.0
710,123,8,17,508.0,177.0
711,161,8,18,5846.0,586.0
712,166,8,1,3657.0,163.0
713,173,8,20,1165.0,302.0
714,174,8,15,3913.0,961.0
715,182,8,7,5518.0,867.0
716,186,8,15,3913.0,961.0
717,190,8,18,6485.0,3178.0
718,208,8,17,508.0,177.0
719,241,8,5,5193.0,2530.0
720,242,8,5,2799.0,1239.0
721,271,8,12,8930.0,3374.0
722,273,8,15,6646.0,848.0
723,308,8,15,6646.0,848.0
724,338,8,5,4968.0,934.0
725,340,8,3,6223.0,1478.0
726,353,8,11,6515.0,961.0
727,360,8,5,5193.0,2530.0
728,364,8,7,1954.0,294.0
729,368,8,3,6223.0,1478.0
730,383,8,5,2799.0,1239.0
731,398,8,5,2799.0,1239.0
732,400,8,16,1760.0,619.0
733,409,8,3,9609.0,4339.0
734,410,8,14,4897.0,1001.0
735,413,8,16,1760.0,619.0
736,419,8,8,6783.0,3306.0
737,427,8,3,6223.0,1478.0
738,435,8,3,9609.0,4339.0
739,436,8,14,4897.0,1001.0
740,461,8,8,7952.0,3865.0
741,469,8,12,7811.0,1538.0
742,484,8,12,7684.0,1157.0
743,486,8,12,7441.0,867.0
744,494,8,12,7684.0,1157.0
745,500,8,1,6087.0,3043.0
746,514,8,3,7355.0,1034.0
747,516,8,1,2119.0,196.0
748,518,8,11,7169.0,2385.0
749,524,8,5,5448.0,2204.0
750,527,8,8,6622.0,2673.0
751,559,8,18,5322.0,1423.0
752,576,8,11,770.0,241.0
753,579,8,12,7441.0,867.0
754,598,8,19,2663.0,64.0
755,610,8,18,5322.0,1423.0
756,616,8,12,7684.0,1157.0
757,623,8,11,770.0,241.0
758,629,8,8,6265.0,155.0
759,632,8,3,7355.0,1034.0
760,638,8,19,2663.0,64.0
761,640,8,8,6265.0,155.0
762,647,8,6,4314.0,1453.0
763,671,8,20,5632.0,2358.0
764,673,8,19,5263.0,1743.0
765,677,8,7,8175.0,525.0
766,684,8,1,7700.0,2712.0
767,688,8,4,526.0,83.0
768,701,8,16,9914.0,3858.0
769,703,8,15,7626.0,1046.0
770,704,8,19,4439.0,1712.0
771,707,8,7,2225.0,589.0
772,713,8,1,7700.0,2712.0
773,725,8,1,3024.0,1353.0
774,727,8,20,5632.0,2358.0
775,736,8,15,8077.0,240.0
776,769,8,4,7957.0,965.0
777,770,8,16,9914.0,3858.0
778,772,8,7,5461.0,1214.0
779,790,8,3,2334.0,484.0
780,803,8,10,7091.0,2317.0
781,804,8,7,8175.0,525.0
782,829,8,19,4439.0,1712.0
783,840,8,15,8776.0,2529.0
784,841,8,10,7346.0,1043.0
785,842,8,1,3024.0,1353.0
786,850,8,13,9316.0,3003.0
787,868,8,20,5632.0,2358.0
788,875,8,5,822.0,147.0
789,897,8,17,9109.0,586.0
790,903,8,17,5346.0,1246.0
791,904,8,13,5047.0,2211.0
792,908,8,15,3461.0,1537.0
793,910,8,15,9921.0,1451.0
794,912,8,13,5047.0,2211.0
795,926,8,15,3958.0,630.0
796,933,8,17,5346.0,1246.0
797,938,8,7,3281.0,471.0
798,957,8,18,6195.0,1556.0
799,967,8,2,912.0,246.0
800,972,8,14,1067.0,251.0
801,988,8,1,6389.0,734.0
802,1002,8,8,1314.0,457.0
803,1011,8,13,3661.0,436.0
804,1017,8,13,5047.0,2211.0
805,1030,8,16,3445.0,1405.0
806,1085,8,13,5047.0,2211.0
807,1090,8,14,1067.0,251.0
808,1094,8,7,3281.0,471.0
809,1097,8,4,7786.0,1202.0
810,11,5,5,3756.0,1318.0
811,14,5,3,2689.0,1330.0
812,27,5,16,2586.0,800.0
813,31,5,14,5768.0,2059.0
814,51,5,9,1023.0,78.0
815,60,5,12,4761.0,2231.0
816,85,5,3,2689.0,1330.0
817,140,5,4,6672.0,3319.0
818,145,5,12,7533.0,3508.0
819,146,5,8,8797.0,1010.0
820,153,5,5,5389.0,2196.0
821,155,5,17,3260.0,207.0
822,157,5,4,6672.0,3319.0
823,159,5,8,8797.0,1010.0
824,162,5,19,5680.0,2159.0
825,164,5,14,714.0,232.0
826,185,5,2,3577.0,699.0
827,188,5,14,714.0,232.0
828,195,5,16,2586.0,800.0
829,211,5,16,2586.0,800.0
830,214,5,14,1895.0,391.0
831,227,5,2,3577.0,699.0
832,228,5,10,8945.0,1728.0
833,242,5,5,6218.0,1125.0
834,250,5,19,6089.0,139.0
835,251,5,9,8752.0,1686.0
836,253,5,20,1016.0,172.0
837,255,5,14,9989.0,3930.0
838,257,5,1,4390.0,179.0
839,269,5,5,4314.0,1591.0
840,272,5,14,5460.0,2088.0
841,276,5,1,3132.0,963.0
842,277,5,10,6139.0,451.0
843,279,5,14,9989.0,3930.0
844,293,5,10,5301.0,817.0
845,309,5,15,8825.0,3594.0
846,311,5,12,4920.0,775.0
847,376,5,8,8709.0,2322.0
848,383,5,5,6218.0,1125.0
849,389,5,8,8709.0,2322.0
850,395,5,14,815.0,54.0
851,397,5,10,6139.0,451.0
852,398,5,5,6218.0,1125.0
853,402,5,7,4906.0,975.0
854,433,5,19,6089.0,139.0
855,434,5,9,8752.0,1686.0
856,437,5,14,5460.0,2088.0
857,440,5,14,9989.0,3930.0
858,448,5,19,6089.0,139.0
859,464,5,9,8752.0,1686.0
860,470,5,16,5578.0,277.0
861,474,5,10,6973.0,3038.0
862,480,5,1,6903.0,105.0
863,488,5,19,4936.0,576.0
864,499,5,17,847.0,355.0
865,504,5,16,9835.0,2571.0
866,506,5,14,8524.0,154.0
867,515,5,16,9835.0,2571.0
868,553,5,19,4936.0,576.0
869,554,5,9,9680.0,3295.0
870,555,5,16,9835.0,2571.0
871,557,5,10,7421.0,958.0
872,558,5,7,2323.0,727.0
873,564,5,4,1786.0,224.0
874,568,5,4,4534.0,2235.0
875,585,5,17,847.0,355.0
876,603,5,17,847.0,355.0
877,608,5,10,7421.0,958.0
878,609,5,10,7421.0,958.0
879,615,5,16,5578.0,277.0
880,628,5,11,5954.0,2618.0
881,662,5,11,1166.0,349.0
882,668,5,18,6200.0,2321.0
883,672,5,16,717.0,158.0
884,677,5,3,2858.0,230.0
885,689,5,3,1217.0,151.0
886,696,5,16,717.0,158.0
887,708,5,11,6864.0,3275.0
888,712,5,16,717.0,158.0
889,715,5,16,8127.0,3551.0
890,723,5,18,6200.0,2321.0
891,728,5,18,5412.0,1192.0
892,733,5,6,2759.0,1149.0
893,741,5,16,717.0,158.0
894,742,5,7,5376.0,1928.0
895,762,5,2,7201.0,2685.0
896,767,5,16,717.0,158.0
897,774,5,8,9768.0,4518.0
898,781,5,4,9024.0,730.0
899,796,5,18,5412.0,1192.0
900,804,5,3,2858.0,230.0
901,820,5,4,5031.0,714.0
902,827,5,16,7067.0,1943.0
903,870,5,16,717.0,158.0
904,876,5,11,1166.0,349.0
905,902,5,7,8851.0,3962.0
906,916,5,10,3234.0,1274.0
907,917,5,17,5306.0,2405.0
908,928,5,15,7733.0,2784.0
909,931,5,14,6304.0,766.0
910,952,5,2,4852.0,218.0
911,960,5,8,8572.0,2041.0
912,961,5,8,8572.0,2041.0
913,975,5,6,3090.0,573.0
914,984,5,2,4852.0,218.0
915,986,5,9,3176.0,586.0
916,990,5,6,3090.0,573.0
917,994,5,7,4492.0,1450.0
918,1000,5,8,8572.0,2041.0
919,1004,5,6,3090.0,573.0
920,1022,5,10,3234.0,1274.0
921,1027,5,14,6304.0,766.0
922,1034,5,19,4146.0,865.0
923,1034,5,7,3793.0,875.0
924,1045,5,14,6304.0,766.0
925,1048,5,6,3090.0,573.0
926,1049,5,18,2463.0,648.0
927,1051,5,18,4364.0,148.0
928,1054,5,9,3176.0,586.0
929,1062,5,2,4364.0,831.0
930,1064,5,10,3234.0,1274.0
931,1079,5,2,4852.0,218.0
932,18,9,20,8769.0,1989.0
933,27,9,9,3757.0,1626.0
934,33,9,16,9883.0,4812.0
935,33,9,7,5210.0,1185.0
936,43,9,6,9653.0,2471.0
937,54,9,16,9883.0,4812.0
938,54,9,7,5210.0,1185.0
939,61,9,4,2328.0,788.0
940,77,9,20,4116.0,921.0
941,78,9,15,1109.0,418.0
942,99,9,16,9883.0,4812.0
943,99,9,7,5210.0,1185.0
944,107,9,20,4116.0,921.0
945,120,9,13,7792.0,1403.0
946,130,9,1,1629.0,265.0
947,142,9,2,5024.0,379.0
948,143,9,1,1629.0,265.0
949,151,9,13,7792.0,1403.0
950,154,9,14,7519.0,402.0
951,170,9,1,9654.0,4111.0
952,195,9,9,3757.0,1626.0
953,211,9,9,3757.0,1626.0
954,226,9,13,7792.0,1403.0
955,230,9,2,5024.0,379.0
956,232,9,10,6517.0,1581.0
957,233,9,6,8667.0,1266.0
958,240,9,19,594.0,67.0
959,252,9,9,8644.0,1968.0
960,265,9,11,2636.0,88.0
961,268,9,19,594.0,67.0
962,280,9,2,8581.0,2444.0
963,291,9,2,953.0,93.0
964,293,9,12,1166.0,520.0
965,293,9,15,3196.0,1411.0
966,295,9,2,2901.0,1411.0
967,302,9,5,4826.0,562.0
968,315,9,3,9565.0,1691.0
969,329,9,6,5344.0,2607.0
970,344,9,6,5344.0,2607.0
971,369,9,2,2901.0,1411.0
972,378,9,19,594.0,67.0
973,385,9,17,1733.0,133.0
974,386,9,15,514.0,109.0
975,407,9,6,8194.0,2881.0
976,416,9,15,514.0,109.0
977,420,9,11,2636.0,88.0
978,431,9,9,6596.0,1439.0
979,438,9,2,953.0,93.0
980,450,9,10,6517.0,1581.0
981,456,9,9,4521.0,1778.0
982,457,9,2,8581.0,2444.0
983,462,9,11,2636.0,88.0
984,476,9,3,7306.0,1547.0
985,492,9,1,3099.0,479.0
986,495,9,14,3936.0,1626.0
987,501,9,4,6045.0,1606.0
988,508,9,9,9845.0,3062.0
989,523,9,18,7273.0,2702.0
990,528,9,9,3228.0,476.0
991,533,9,18,7501.0,262.0
992,535,9,3,7472.0,1037.0
993,543,9,17,4080.0,72.0
994,599,9,12,6390.0,3089.0
995,626,9,6,1091.0,277.0
996,643,9,2,2684.0,670.0
997,650,9,9,4468.0,1940.0
998,657,9,7,8521.0,2584.0
999,667,9,5,7564.0,3463.0
1000,685,9,4,8979.0,4477.0
1001,695,9,19,2596.0,1003.0
1002,709,9,4,2140.0,970.0
1003,720,9,3,1548.0,666.0
1004,730,9,16,3265.0,1390.0
1005,734,9,14,869.0,373.0
1006,747,9,19,3189.0,1180.0
1007,752,9,9,2493.0,1221.0
1008,762,9,6,725.0,133.0
1009,793,9,4,2140.0,970.0
1010,822,9,4,2140.0,970.0
1011,825,9,19,2596.0,1003.0
1012,832,9,5,7564.0,3463.0
1013,847,9,7,9873.0,4585.0
1014,864,9,14,869.0,373.0
1015,877,9,5,7564.0,3463.0
1016,891,9,5,7564.0,3463.0
1017,898,9,20,9894.0,3698.0
1018,899,9,20,9894.0,3698.0
1019,905,9,20,5142.0,1916.0
1020,907,9,4,7560.0,821.0
1021,924,9,9,4751.0,781.0
1022,927,9,8,7340.0,2271.0
1023,932,9,5,4172.0,235.0
1024,936,9,5,4510.0,1896.0
1025,939,9,8,2451.0,342.0
1026,942,9,19,8788.0,3944.0
1027,958,9,11,8245.0,324.0
1028,964,9,5,4172.0,235.0
1029,1031,9,4,7620.0,125.0
1030,1032,9,4,7620.0,125.0
1031,1038,9,8,2451.0,342.0
1032,1046,9,15,4963.0,1254.0
1033,1058,9,8,2451.0,342.0
1034,1069,9,5,4172.0,235.0
1035,1083,9,13,5028.0,1553.0
1036,23,10,19,6690.0,1001.0
1037,24,10,14,3224.0,1018.0
1038,26,10,4,3194.0,534.0
1039,47,10,4,3194.0,534.0
1040,62,10,10,3839.0,1415.0
1041,67,10,12,1961.0,59.0
1042,76,10,10,3839.0,1415.0
1043,82,10,4,3194.0,534.0
1044,92,10,7,1732.0,766.0
1045,102,10,9,9776.0,3750.0
1046,105,10,19,6690.0,1001.0
1047,110,10,4,3194.0,534.0
1048,114,10,7,9619.0,3420.0
1049,115,10,7,9619.0,3420.0
1050,137,10,6,3080.0,737.0
1051,148,10,17,5635.0,318.0
1052,160,10,7,9619.0,3420.0
1053,189,10,4,3194.0,534.0
1054,200,10,12,4699.0,103.0
1055,203,10,9,949.0,301.0
1056,235,10,15,874.0,235.0
1057,257,10,7,1150.0,58.0
1058,310,10,1,3887.0,1490.0
1059,323,10,15,874.0,235.0
1060,334,10,6,8305.0,1577.0
1061,349,10,19,8971.0,2971.0
1062,352,10,1,3887.0,1490.0
1063,375,10,4,8526.0,1704.0
1064,382,10,1,3887.0,1490.0
1065,388,10,16,9659.0,2226.0
1066,401,10,3,7301.0,3602.0
1067,403,10,15,8243.0,1346.0
1068,442,10,3,6891.0,2529.0
1069,482,10,13,2999.0,145.0
1070,483,10,10,3853.0,1457.0
1071,513,10,8,8293.0,2632.0
1072,521,10,20,5219.0,1180.0
1073,534,10,10,3433.0,1169.0
1074,544,10,8,8293.0,2632.0
1075,556,10,8,8563.0,2624.0
1076,566,10,20,2939.0,894.0
1077,567,10,10,3433.0,1169.0
1078,568,10,1,9894.0,829.0
1079,587,10,20,5219.0,1180.0
1080,591,10,10,3433.0,1169.0
1081,595,10,20,3112.0,1065.0
1082,614,10,1,5250.0,187.0
1083,620,10,11,4706.0,594.0
1084,627,10,1,5250.0,187.0
1085,631,10,8,8293.0,2632.0
1086,639,10,11,4706.0,594.0
1087,644,10,13,5323.0,322.0
1088,653,10,1,8548.0,2305.0
1089,670,10,18,9144.0,2220.0
1090,692,10,12,8438.0,3427.0
1091,705,10,7,1297.0,600.0
1092,737,10,5,3977.0,813.0
1093,751,10,12,7223.0,2433.0
1094,758,10,18,962.0,298.0
1095,763,10,18,8558.0,1644.0
1096,783,10,5,2944.0,249.0
1097,790,10,16,4734.0,1178.0
1098,843,10,5,2944.0,249.0
1099,855,10,2,6027.0,1530.0
1100,896,10,16,6800.0,167.0
1101,918,10,6,5899.0,2264.0
1102,1009,10,10,3957.0,151.0
1103,1019,10,14,6295.0,2469.0
1104,1062,10,6,6823.0,771.0
1105,1072,10,4,9874.0,3895.0
1106,1082,10,19,8560.0,2166.0
1107,55,4,4,1341.0,615.0
1108,58,4,6,6113.0,2508.0
1109,65,4,8,3067.0,1475.0
1110,74,4,13,4470.0,413.0
1111,90,4,18,4099.0,52.0
1112,95,4,8,3067.0,1475.0
1113,100,4,17,1239.0,575.0
1114,117,4,17,1239.0,575.0
1115,176,4,1,9837.0,384.0
1116,199,4,12,8851.0,999.0
1117,222,4,1,4371.0,1852.0
1118,247,4,20,2710.0,555.0
1119,259,4,13,721.0,258.0
1120,260,4,10,4244.0,340.0
1121,270,4,2,544.0,272.0
1122,282,4,1,2670.0,1026.0
1123,312,4,18,1108.0,167.0
1124,322,4,20,1231.0,214.0
1125,331,4,15,9879.0,4930.0
1126,347,4,6,5951.0,936.0
1127,351,4,5,9236.0,2899.0
1128,354,4,1,2670.0,1026.0
1129,365,4,5,9236.0,2899.0
1130,387,4,1,2670.0,1026.0
1131,408,4,2,544.0,272.0
1132,414,4,20,1231.0,214.0
1133,421,4,15,3482.0,1554.0
1134,424,4,6,5951.0,936.0
1135,447,4,13,1592.0,480.0
1136,458,4,13,721.0,258.0
1137,472,4,11,5564.0,175.0
1138,485,4,11,5564.0,175.0
1139,505,4,13,9200.0,809.0
1140,537,4,8,4462.0,121.0
1141,546,4,20,6447.0,3079.0
1142,560,4,14,2791.0,894.0
1143,577,4,15,2404.0,253.0
1144,578,4,14,2791.0,894.0
1145,584,4,6,2078.0,612.0
1146,611,4,11,5564.0,175.0
1147,622,4,19,3854.0,245.0
1148,624,4,19,8200.0,257.0
1149,625,4,14,2791.0,894.0
1150,630,4,6,3316.0,126.0
1151,648,4,6,5730.0,482.0
1152,664,4,16,9204.0,3289.0
1153,665,4,16,9204.0,3289.0
1154,687,4,12,7992.0,893.0
1155,691,4,4,7333.0,1576.0
1156,693,4,17,8364.0,3055.0
1157,739,4,8,8555.0,1638.0
1158,746,4,14,5954.0,2640.0
1159,748,4,12,7992.0,893.0
1160,761,4,10,7259.0,1969.0
1161,766,4,9,1579.0,602.0
1162,781,4,4,2468.0,418.0
1163,782,4,9,1579.0,602.0
1164,786,4,14,5954.0,2640.0
1165,788,4,6,2553.0,907.0
1166,794,4,3,4688.0,1841.0
1167,799,4,8,3918.0,749.0
1168,801,4,6,4057.0,1012.0
1169,805,4,11,706.0,197.0
1170,806,4,20,2841.0,803.0
1171,824,4,3,4688.0,1841.0
1172,835,4,8,3918.0,749.0
1173,841,4,13,7179.0,683.0
1174,856,4,9,1579.0,602.0
1175,857,4,9,1579.0,602.0
1176,873,4,12,7992.0,893.0
1177,890,4,17,8364.0,3055.0
1178,935,4,10,883.0,117.0
1179,943,4,2,6129.0,2976.0
1180,970,4,13,8649.0,2631.0
1181,977,4,4,1731.0,149.0
1182,991,4,13,5704.0,714.0
1183,998,4,19,6061.0,2121.0
1184,1005,4,13,5704.0,714.0
1185,1006,4,15,7524.0,2308.0
1186,1013,4,7,5944.0,2661.0
1187,1014,4,4,8531.0,2555.0
1188,1018,4,13,8649.0,2631.0
1189,1025,4,2,6829.0,2609.0
1190,1028,4,8,4157.0,1874.0
1191,1063,4,14,1676.0,330.0
1192,1065,4,19,6061.0,2121.0
1193,1073,4,17,5557.0,2114.0
1194,1096,4,13,7821.0,3821.0
